rank,id,smiles,fitness,pred_pIC50,affinity_norm,permeability_norm,safety_norm,druglikeness_qed,n_chelators,chelator_penalty,logKp_cm_h,struct_alerts,applicability_tanimoto,is_hit,canon,pIC50_adamts5,pIC50_adamts4,selectivity,pareto
1736,CAND-01047,CC1(C)C[C@@H](O)CN(S(=O)(=O)c2ccc(OCc3ccc(Cl)cc3Cl)c(O)c2)[C@H]1C(=O)NO,0.2224977901037167,8.207869706264587,0.9307448339739696,0.351083883000093,0.5,0.3404031777472183,3,0.3333333333333333,-3.785573300000001,2,0.7941176470588235,True,CC1(C)C[C@@H](O)CN(S(=O)(=O)c2ccc(OCc3ccc(Cl)cc3Cl)c(O)c2)[C@H]1C(=O)NO,8.11,8.43,-0.32,True
804,CAND-01032,CC1(C)C[C@@H](O)CN(S(=O)(=O)c2ccc(OCc3ccc(Cl)cc3Cl)c(Cl)c2)[C@H]1C(=O)NO,0.3397413450582772,8.207869706264587,0.9307448339739696,0.469117372172531,0.5,0.3803675770985656,2,0.5,-3.2251559000000007,2,0.8181818181818182,True,CC1(C)C[C@@H](O)CN(S(=O)(=O)c2ccc(OCc3ccc(Cl)cc3Cl)c(Cl)c2)[C@H]1C(=O)NO,8.11,8.54,-0.43,True
865,CAND-01904,C[C@@H]1[C@H](c2ccccc2O)[C@]1(NS(=O)(=O)c1cc2[nH]c3cc(Cl)ccc3c2s1)C(=O)O,0.3358074754156968,7.575270890259688,0.737706161577332,0.6064838685728214,1.0,0.3425395668090916,2,0.5,-2.5729463000000004,0,0.8225806451612904,True,C[C@@H]1[C@H](c2ccccc2O)[C@]1(NS(=O)(=O)c1cc2[nH]c3cc(Cl)ccc3c2s1)C(=O)O,8.09,6.71,1.38,True
952,CAND-01890,Cc1ccccc1[C@H]1[C@@H](C)[C@@]1(NS(=O)(=O)c1cc2[nH]c3cc(Cl)ccc3c2s1)C(=O)O,0.3287276679204287,7.401847833232115,0.6847858021890689,0.6991620072020517,1.0,0.3835414491544096,2,0.5,-2.1329149,0,0.8225806451612904,True,Cc1ccccc1[C@H]1[C@@H](C)[C@@]1(NS(=O)(=O)c1cc2[nH]c3cc(Cl)ccc3c2s1)C(=O)O,8.09,6.86,1.23,True
866,CAND-01898,COc1cccc([C@H]2[C@@H](C)[C@@]2(NS(=O)(=O)c2cc3[nH]c4cc(Cl)ccc4c3s2)C(=O)O)c1,0.33559751504772,7.525716247194953,0.7225844726549302,0.633772536688183,1.0,0.3663426458932501,2,0.5,-2.443380999999999,0,0.828125,True,COc1cccc([C@H]2[C@@H](C)[C@@]2(NS(=O)(=O)c2cc3[nH]c4cc(Cl)ccc4c3s2)C(=O)O)c1,8.06,6.78,1.28,True
821,CAND-01057,CC1(C)C[C@@H](O)CN(S(=O)(=O)c2ccc(OCc3ccc(Cl)cc3Cl)c(C#N)c2)[C@H]1C(=O)NO,0.338180704740965,8.17487095944451,0.920675206722484,0.364342166439112,0.5,0.3867460204022941,2,0.5,-3.722623600000002,2,0.75,True,CC1(C)C[C@@H](O)CN(S(=O)(=O)c2ccc(OCc3ccc(Cl)cc3Cl)c(C#N)c2)[C@H]1C(=O)NO,8.06,8.49,-0.43,True
644,CAND-01027,CC1(C)C[C@@H](O)CN(S(=O)(=O)c2ccc(OCc3ccc(Cl)cc3Cl)c(F)c2)[C@H]1C(=O)NO,0.3555265250162716,8.382517452801233,0.984038909580076,0.4133507022237479,0.5,0.3967786508083505,2,0.5,-3.4899334000000004,2,0.782608695652174,True,CC1(C)C[C@@H](O)CN(S(=O)(=O)c2ccc(OCc3ccc(Cl)cc3Cl)c(F)c2)[C@H]1C(=O)NO,8.06,8.51,-0.45,True
719,CAND-01876,C[C@@H]1[C@H](c2ccccc2F)[C@]1(NS(=O)(=O)c1cc2[nH]c3cc(Cl)ccc3c2s1)C(=O)O,0.3479310047379098,7.647735066941219,0.7598187361016728,0.6687506877964763,1.0,0.3865088047499441,2,0.5,-2.2773064,0,0.8095238095238095,True,C[C@@H]1[C@H](c2ccccc2F)[C@]1(NS(=O)(=O)c1cc2[nH]c3cc(Cl)ccc3c2s1)C(=O)O,8.05,6.8,1.25,True
852,CAND-01036,Cc1cc(OCc2ccc(Cl)cc2Cl)ccc1S(=O)(=O)N1C[C@H](O)CC(C)(C)[C@@H]1C(=O)NO,0.3369206530391891,8.13432952298031,0.9083039140894592,0.4437620216293231,0.5,0.3989644967788292,2,0.5,-3.345541900000001,2,0.7941176470588235,True,Cc1cc(OCc2ccc(Cl)cc2Cl)ccc1S(=O)(=O)N1C[C@H](O)CC(C)(C)[C@@H]1C(=O)NO,8.04,8.54,-0.5,True
932,CAND-01918,C[C@@H]1[C@H](c2ccccc2C#N)[C@]1(NS(=O)(=O)c1cc2[nH]c3cc(Cl)ccc3c2s1)C(=O)O,0.3305848392575745,7.42286176693413,0.6911982420499054,0.6197421520118408,1.0,0.3852351916339879,2,0.5,-2.5099966,0,0.7727272727272727,True,C[C@@H]1[C@H](c2ccccc2C#N)[C@]1(NS(=O)(=O)c1cc2[nH]c3cc(Cl)ccc3c2s1)C(=O)O,8.01,6.68,1.33,True
1641,CAND-01058,CC1(C)C[C@@H](O)CN(S(=O)(=O)c2ccc(OCc3c(Cl)cc(Cl)cc3C#N)cc2)[C@H]1C(=O)NO,0.2472422141003225,6.982828333077066,0.5569212441599136,0.364342166439112,0.5,0.3867460204022941,2,0.5,-3.722623600000002,2,0.7222222222222222,False,CC1(C)C[C@@H](O)CN(S(=O)(=O)c2ccc(OCc3c(Cl)cc(Cl)cc3C#N)cc2)[C@H]1C(=O)NO,7.83,8.17,-0.34,True
1414,CAND-01028,CC1(C)C[C@@H](O)CN(S(=O)(=O)c2ccc(OCc3c(F)cc(Cl)cc3Cl)cc2)[C@H]1C(=O)NO,0.2667208133300456,7.218431782925739,0.6288160628351724,0.4133507022237479,0.5,0.3967786508083505,2,0.5,-3.4899334000000004,2,0.7647058823529411,True,CC1(C)C[C@@H](O)CN(S(=O)(=O)c2ccc(OCc3c(F)cc(Cl)cc3Cl)cc2)[C@H]1C(=O)NO,7.81,8.22,-0.41,True
994,CAND-01039,Cc1cc(COc2ccc(S(=O)(=O)N3C[C@H](O)CC(C)(C)[C@@H]3C(=O)NO)cc2)c(Cl)cc1Cl,0.3260270870199306,7.991534157050842,0.864729650012425,0.4437620216293231,0.5,0.3989644967788292,2,0.5,-3.345541900000001,2,0.803030303030303,True,Cc1cc(COc2ccc(S(=O)(=O)N3C[C@H](O)CC(C)(C)[C@@H]3C(=O)NO)cc2)c(Cl)cc1Cl,7.81,8.23,-0.42,True
489,CAND-01478,COc1cnn(-c2ccc(S(=O)(=O)N[C@@]3(C(=O)O)[C@H](C)[C@@H]3c3cccc(F)c3)s2)c1,0.3727544473519706,7.609543735916342,0.7481645823922771,0.3909482666475706,1.0,0.5714220116926755,2,0.5,-3.5962991000000004,0,0.8307692307692308,True,COc1cnn(-c2ccc(S(=O)(=O)N[C@@]3(C(=O)O)[C@H](C)[C@@H]3c3cccc(F)c3)s2)c1,7.77,7.0,0.77,True
475,CAND-01480,COc1cnn(-c2ccc(S(=O)(=O)N[C@@]3(C(=O)O)[C@H](C)[C@@H]3c3ccccc3)s2)c1F,0.3754713517227063,7.64515754255493,0.7590321998752199,0.3909482666475706,1.0,0.5714220116926755,2,0.5,-3.5962991000000004,0,0.6764705882352942,True,COc1cnn(-c2ccc(S(=O)(=O)N[C@@]3(C(=O)O)[C@H](C)[C@@H]3c3ccccc3)s2)c1F,7.75,6.97,0.78,True
591,CAND-01494,COc1cnn(-c2ccc(S(=O)(=O)N[C@@]3(C(=O)O)[C@H](C)[C@@H]3c3ccccc3)s2)c1C,0.3602751932724088,7.436447864724648,0.6953440643533607,0.4213595860531458,1.0,0.5762611812271246,2,0.5,-3.451907600000001,0,0.6865671641791045,True,COc1cnn(-c2ccc(S(=O)(=O)N[C@@]3(C(=O)O)[C@H](C)[C@@H]3c3ccccc3)s2)c1C,7.63,7.01,0.62,True
491,CAND-01516,COc1cn(-c2ccc(S(=O)(=O)N[C@@]3(C(=O)O)[C@H](C)[C@@H]3c3ccccc3)s2)nc1C#N,0.3718988635810058,7.630930307671762,0.7546907334288131,0.341939730862935,1.0,0.5548412014920167,2,0.5,-3.828989300000001,0,0.6811594202898551,True,COc1cn(-c2ccc(S(=O)(=O)N[C@@]3(C(=O)O)[C@H](C)[C@@H]3c3ccccc3)s2)nc1C#N,7.62,6.79,0.83,True
628,CAND-01522,COc1cnn(-c2ccc(S(=O)(=O)N[C@@]3(C(=O)O)[C@H](C)[C@@H]3c3ccccc3)s2)c1C#N,0.3570621963121427,7.436447864724648,0.6953440643533607,0.341939730862935,1.0,0.5548412014920167,2,0.5,-3.828989300000001,0,0.647887323943662,True,COc1cnn(-c2ccc(S(=O)(=O)N[C@@]3(C(=O)O)[C@H](C)[C@@H]3c3ccccc3)s2)c1C#N,7.61,6.75,0.86,True
5,CAND-01025,COc1cc(F)cc(N2CCN(C(=O)[C@@H](C)C[C@@]3(C4CC4)NC(=O)NC3=O)CC2)c1O,0.6695488066742575,7.421387166718583,0.6907482651281612,0.2014146308329745,0.75,0.5805822470339229,1,1.0,-4.496195800000002,1,0.7313432835820896,True,COc1cc(F)cc(N2CCN(C(=O)[C@@H](C)C[C@@]3(C4CC4)NC(=O)NC3=O)CC2)c1O,7.6,7.59,0.01,True
701,CAND-01508,COc1cnn(-c2ccc(S(=O)(=O)N[C@@]3(C(=O)O)[C@H](C)[C@@H]3c3ccccc3)s2)c1O,0.3494102248877102,7.436447864724648,0.6953440643533607,0.3286814474239158,1.0,0.5038280586624666,2,0.5,-3.8919390000000007,0,0.6865671641791045,True,COc1cnn(-c2ccc(S(=O)(=O)N[C@@]3(C(=O)O)[C@H](C)[C@@H]3c3ccccc3)s2)c1O,7.59,6.71,0.88,True
2,CAND-01024,COc1cc(N2CCN(C(=O)[C@@H](C)C[C@@]3(C4CC4)NC(=O)NC3=O)CC2)cc(F)c1O,0.6931307954156455,7.57594622964242,0.7379122426109372,0.2014146308329747,0.75,0.5805822470339229,1,1.0,-4.4961958000000015,1,0.7313432835820896,True,COc1cc(N2CCN(C(=O)[C@@H](C)C[C@@]3(C4CC4)NC(=O)NC3=O)CC2)cc(F)c1O,7.58,7.52,0.06,True
17,CAND-01022,COc1cc(N2CCN(C(=O)[C@@H](C)C[C@@]3(C4CC4)NC(=O)NC3=O)CC2)cc(F)c1OC,0.6427857539632748,7.508631225478735,0.7173709473897475,0.2287032989483358,0.5,0.6136676008946699,1,1.0,-4.366630500000002,2,0.7313432835820896,True,COc1cc(N2CCN(C(=O)[C@@H](C)C[C@@]3(C4CC4)NC(=O)NC3=O)CC2)cc(F)c1OC,7.52,7.58,-0.06,True
8,CAND-00589,CC[C@]1(C[C@H](C)C(=O)N2CCN(c3cc(F)c(F)c(OC)c3OC)CC2)NC(=O)NC1=O,0.6605520301257989,7.308405232836264,0.6562716237408357,0.2418224487292151,0.75,0.60805406085127,1,1.0,-4.304341400000002,1,0.7230769230769231,True,CC[C@]1(C[C@H](C)C(=O)N2CCN(c3cc(F)c(F)c(OC)c3OC)CC2)NC(=O)NC1=O,7.42,7.26,0.16,True
577,CAND-02057,C[C@@H]1[C@H](c2ccccc2)[C@]1(NS(=O)(=O)N1CCN(c2ccc(Cl)cc2F)CC1)C(=O)O,0.3611208514718823,7.240792453470478,0.6356394618783687,0.381135215653484,1.0,0.6814065733486009,2,0.5,-3.6428910000000014,0,0.7241379310344828,True,C[C@@H]1[C@H](c2ccccc2)[C@]1(NS(=O)(=O)N1CCN(c2ccc(Cl)cc2F)CC1)C(=O)O,7.35,6.99,0.36,True
809,CAND-01132,O=C(O)[C@]1(NS(=O)(=O)c2cc(F)c(-c3ccc(Cl)cn3)s2)C[C@@H]1c1ccccc1,0.3396535819109784,7.13704717634467,0.6039814029994978,0.5798064112899192,1.0,0.59105487440736,2,0.5,-2.6996096,0,0.7258064516129032,True,O=C(O)[C@]1(NS(=O)(=O)c2cc(F)c(-c3ccc(Cl)cn3)s2)C[C@@H]1c1ccccc1,7.29,6.81,0.48,True
851,CAND-01928,O=C(O)[C@]1(NS(=O)(=O)c2ccc(-c3cc(Cl)ccc3F)s2)C[C@@H]1c1ccccc1,0.3370080163706974,7.128542905698586,0.6013863094367411,0.6715463349728119,1.0,0.577742926743414,2,0.5,-2.2640327999999994,0,0.7368421052631579,True,O=C(O)[C@]1(NS(=O)(=O)c2ccc(-c3cc(Cl)ccc3F)s2)C[C@@H]1c1ccccc1,7.24,6.63,0.61,True
1262,CAND-01933,O=C(O)[C@]1(NS(=O)(=O)c2ccc(-c3cccc(Cl)c3)s2)C[C@@H]1c1cccc(F)c1,0.3042524645895785,6.699175608108658,0.4703641023122659,0.6715463349728118,1.0,0.577742926743414,2,0.5,-2.2640328,0,0.8421052631578947,False,O=C(O)[C@]1(NS(=O)(=O)c2ccc(-c3cccc(Cl)c3)s2)C[C@@H]1c1cccc(F)c1,7.22,6.59,0.63,True
778,CAND-00087,COCc1cc(N2CCN(S(=O)(=O)N[C@@]3(C(=O)O)[C@H](C)[C@@H]3c3ccccc3F)C[C@H]2C)no1,0.3417342140717823,7.184390487000523,0.6184282998394005,0.1933453420184804,1.0,0.5808475940795481,2,0.5,-4.534508400000002,0,0.8285714285714286,True,COCc1cc(N2CCN(S(=O)(=O)N[C@@]3(C(=O)O)[C@H](C)[C@@H]3c3ccccc3F)C[C@H]2C)no1,7.21,6.6,0.61,True
679,CAND-02068,Cc1cc(N2CCN(S(=O)(=O)N[C@@]3(C(=O)O)[C@H](C)[C@@H]3c3ccccc3)CC2)ccc1Cl,0.3519185723090207,7.10894163358317,0.5954049458130446,0.4115465350590594,1.0,0.6871155723717306,2,0.5,-3.498499500000001,0,0.7857142857142857,True,Cc1cc(N2CCN(S(=O)(=O)N[C@@]3(C(=O)O)[C@H](C)[C@@H]3c3ccccc3)CC2)ccc1Cl,7.2,6.99,0.21,True
868,CAND-01148,Cc1cc(S(=O)(=O)N[C@@]2(C(=O)O)C[C@@H]2c2ccccc2)sc1-c1ccc(Cl)cn1,0.335534080424355,7.08056976888167,0.5867472200051099,0.6102177306954945,1.0,0.592315169487184,2,0.5,-2.5552181,0,0.7377049180327869,True,Cc1cc(S(=O)(=O)N[C@@]2(C(=O)O)C[C@@H]2c2ccccc2)sc1-c1ccc(Cl)cn1,7.18,6.8,0.38,True
886,CAND-01147,Cc1cc(-c2ccc(Cl)cn2)sc1S(=O)(=O)N[C@@]1(C(=O)O)C[C@@H]1c1ccccc1,0.333931460547062,7.059562259364646,0.5803367404959376,0.6102177306954943,1.0,0.5923151694871839,2,0.5,-2.5552181000000003,0,0.7377049180327869,True,Cc1cc(-c2ccc(Cl)cn2)sc1S(=O)(=O)N[C@@]1(C(=O)O)C[C@@H]1c1ccccc1,7.16,6.77,0.39,True
733,CAND-00311,O=C(O)[C@]1(NS(=O)(=O)c2cc(F)c(-n3cc(Cl)cn3)s2)C[C@@H]1C1CCCCC1,0.3465095738866984,7.000963728628765,0.5624552928999933,0.5168722307141865,1.0,0.705971671078001,2,0.5,-2.9984181000000008,0,0.7121212121212122,True,O=C(O)[C@]1(NS(=O)(=O)c2cc(F)c(-n3cc(Cl)cn3)s2)C[C@@H]1C1CCCCC1,7.12,6.93,0.19,True
912,CAND-01653,CC(C)[C@H]1C[C@@]1(NS(=O)(=O)c1cc(C(F)(F)F)c(-n2cc(Cl)cn2)s1)C(=O)O,0.3322329701676473,6.841173403827511,0.5136949863975818,0.4974297025928544,1.0,0.6920614904550128,2,0.5,-3.0907303,0,0.6666666666666666,False,CC(C)[C@H]1C[C@@]1(NS(=O)(=O)c1cc(C(F)(F)F)c(-n2cc(Cl)cn2)s1)C(=O)O,6.86,6.56,0.3,True
840,CAND-00318,Cc1cc(-n2cc(Cl)cn2)sc1S(=O)(=O)N[C@@]1(C(=O)O)C[C@@H]1C1CCCCC1,0.3377425232808069,6.878546878158689,0.5250995696582695,0.5472835501197618,1.0,0.7097842057749304,2,0.5,-2.854026600000001,0,0.7121212121212122,False,Cc1cc(-n2cc(Cl)cn2)sc1S(=O)(=O)N[C@@]1(C(=O)O)C[C@@H]1C1CCCCC1,6.83,6.95,-0.12,True
709,CAND-01633,CC(C)[C@H]1C[C@@]1(NS(=O)(=O)c1cc(F)c(-n2cc(Cl)cn2)s1)C(=O)O,0.3485691567329151,6.910651815244745,0.5348964492534756,0.4301282078959296,1.0,0.7656336294636413,2,0.5,-3.410274600000001,0,0.6984126984126984,False,CC(C)[C@H]1C[C@@]1(NS(=O)(=O)c1cc(F)c(-n2cc(Cl)cn2)s1)C(=O)O,6.72,6.54,0.18,True
853,CAND-01645,COc1cc(S(=O)(=O)N[C@@]2(C(=O)O)C[C@@H]2C(C)C)sc1-n1cc(Cl)cn1,0.3369030264752506,6.862537726245029,0.5202143480084316,0.3951500567876361,1.0,0.7123295964876182,2,0.5,-3.576349200000001,0,0.676923076923077,False,COc1cc(S(=O)(=O)N[C@@]2(C(=O)O)C[C@@H]2C(C)C)sc1-n1cc(Cl)cn1,6.64,6.45,0.19,True
522,CAND-01659,CC(C)[C@H]1C[C@@]1(NS(=O)(=O)c1ccc(-n2cc(Cl)c(C#N)n2)s1)C(=O)O,0.3669565980966554,7.190073703978015,0.6201625437749259,0.381119672111294,1.0,0.7461064143528259,2,0.5,-3.6429648000000014,0,0.6875,True,CC(C)[C@H]1C[C@@]1(NS(=O)(=O)c1ccc(-n2cc(Cl)c(C#N)n2)s1)C(=O)O,6.63,6.33,0.3,True
748,CAND-01640,Cc1cc(-n2cc(Cl)cn2)sc1S(=O)(=O)N[C@@]1(C(=O)O)C[C@@H]1C(C)C,0.3452851746027621,6.855886635711982,0.5181847557075833,0.460539527301505,1.0,0.7715932378391088,2,0.5,-3.265883100000001,0,0.7096774193548387,False,Cc1cc(-n2cc(Cl)cn2)sc1S(=O)(=O)N[C@@]1(C(=O)O)C[C@@H]1C(C)C,6.53,6.58,-0.05,True
831,CAND-01641,Cc1cc(S(=O)(=O)N[C@@]2(C(=O)O)C[C@@H]2C(C)C)sc1-n1cc(Cl)cn1,0.3380177108254773,6.7606230509848215,0.4891149005984437,0.460539527301505,1.0,0.7715932378391092,2,0.5,-3.265883100000001,0,0.7096774193548387,False,Cc1cc(S(=O)(=O)N[C@@]2(C(=O)O)C[C@@H]2C(C)C)sc1-n1cc(Cl)cn1,6.52,6.55,-0.03,True
16,CAND-00392,O=C(O)CCCc1sc(/C=C2\NC(=O)CS2)nc1-c1cccc(F)c1,0.6428617156669062,6.4794018236874695,0.4032997346610901,0.6195653600157119,1.0,0.804039494454537,1,1.0,-2.510836,0,0.8103448275862069,False,O=C(O)CCCc1sc(/C=C2\NC(=O)CS2)nc1-c1cccc(F)c1,6.5,5.42,1.08,True
19,CAND-01287,O=C(O)CCc1sc(/C=C2\NC(=O)CS2)nc1-c1cc(F)ccn1,0.640288106700571,6.380261056808836,0.3730467504087646,0.487511995960364,1.0,0.8458824383206289,1,1.0,-3.1378191,0,0.7540983606557377,False,O=C(O)CCc1sc(/C=C2\NC(=O)CS2)nc1-c1cc(F)ccn1,6.48,5.18,1.3,True
56,CAND-01295,Cc1ccnc(-c2nc(/C=C3\NC(=O)CS3)sc2CCC(=O)O)c1,0.6062592216378972,6.147960911804391,0.3021599411788573,0.5179233153659392,1.0,0.8505975034948956,1,1.0,-2.9934276000000004,0,0.7540983606557377,False,Cc1ccnc(-c2nc(/C=C3\NC(=O)CS3)sc2CCC(=O)O)c1,6.29,5.18,1.11,True
105,CAND-00085,O=C1CS/C(=C/c2nc(-c3ccccc3)c(C(CF)C(=O)O)s2)N1,0.5797607552064594,5.97112836028284,0.2481991683816383,0.5764705101830734,1.0,0.8522039033854677,1,1.0,-2.7154483000000007,0,0.7321428571428571,False,O=C1CS/C(=C/c2nc(-c3ccccc3)c(C(CF)C(=O)O)s2)N1,6.25,5.44,0.81,True
102,CAND-00082,CC(C(=O)O)c1sc(/C=C2\NC(=O)CS2)nc1-c1ccccc1C#N,0.5809481259990047,5.971079817609316,0.2481843554970507,0.5557994525008411,1.0,0.8561864941682643,1,1.0,-2.8135935,0,0.7288135593220338,False,CC(C(=O)O)c1sc(/C=C2\NC(=O)CS2)nc1-c1ccccc1C#N,6.24,5.43,0.81,True
38,CAND-00064,CC(C(=O)O)c1sc(/C=C2\NC(=O)CS2)nc1-c1ccccc1F,0.6178429200969244,6.185355991760936,0.3135711174351874,0.6048079882854765,1.0,0.8701912045977693,1,1.0,-2.5809033,0,0.7678571428571429,False,CC(C(=O)O)c1sc(/C=C2\NC(=O)CS2)nc1-c1ccccc1F,6.22,5.44,0.78,True
67,CAND-00071,Cc1cccc(-c2nc(/C=C3\NC(=O)CS3)sc2C(C)C(=O)O)c1,0.6041853538577903,6.09089043547663,0.2847447821481623,0.6352193076910518,1.0,0.8727098759456969,1,1.0,-2.4365118000000003,0,0.8181818181818182,False,Cc1cccc(-c2nc(/C=C3\NC(=O)CS3)sc2C(C)C(=O)O)c1,6.2,5.45,0.75,True
