id,measured,predicted
CHEMBL5618084,9.7,6.725312499999994
CHEMBL4748025,9.56,9.120772916666667
CHEMBL3759982,9.22,8.408125000000027
CHEMBL2018301,9.15,7.938604166666663
CHEMBL2018448,9.1,8.875195000000025
CHEMBL4857825,9.05,8.347199999999999
CHEMBL3356527,9.0,7.700541378968251
CHEMBL3356915,9.0,7.700541378968251
CHEMBL3356922,9.0,8.535538977272696
CHEMBL3356924,9.0,8.071741666666657
CHEMBL3655993,9.0,8.53619999999999
CHEMBL3655917,9.0,8.58717499999998
CHEMBL4288953,8.96,8.282600416666654
CHEMBL5274330,8.94,7.231124999999995
CHEMBL519491,8.89,8.328750000000024
CHEMBL4290748,8.89,8.682874999999978
CHEMBL2018451,8.85,8.397262500000009
CHEMBL3960564,8.84,7.991500000000001
CHEMBL4562547,8.84,7.7908666666666875
CHEMBL4243458,8.8,8.300999999999982
CHEMBL1091815,8.77,8.49069999999998
CHEMBL3655950,8.77,8.532071250000007
CHEMBL2375871,8.77,7.45963333333334
CHEMBL5890164,8.75,7.5253000000000085
CHEMBL4858994,8.74,8.042437500000004
CHEMBL483494,8.72,8.228824999999993
CHEMBL2414098,8.72,7.744332500000008
CHEMBL5208269,8.72,8.391899999999975
CHEMBL6161596,8.72,8.416939999999988
CHEMBL485514,8.7,7.960087499999986
CHEMBL3356917,8.7,7.804375833333336
CHEMBL5934650,8.7,8.496400000000017
CHEMBL3655974,8.7,8.317950000000017
CHEMBL3655957,8.7,8.204250000000007
CHEMBL3655971,8.7,8.496949999999984
CHEMBL3655997,8.7,8.306375000000013
CHEMBL3655929,8.7,8.420925000000006
CHEMBL3894825,8.7,7.28000000000001
CHEMBL4443998,8.7,8.098772916666649
CHEMBL1879463,8.7,6.593943749999995
CHEMBL5403250,8.7,8.829699999999995
CHEMBL3917405,8.68,7.736975000000027
CHEMBL3948528,8.68,8.53324999999998
CHEMBL4250891,8.68,8.33568333333332
CHEMBL5810912,8.68,8.172208333333362
CHEMBL3952742,8.62,8.630924999999971
CHEMBL4082995,8.61,6.723594999999997
CHEMBL468595,8.6,7.992862499999988
CHEMBL3933593,8.6,8.305149999999983
CHEMBL5199007,8.59,8.054851666666663
CHEMBL5590022,8.58,6.644120833333346
CHEMBL4176291,8.57,8.355658333333329
CHEMBL5415232,8.57,7.860570833333327
CHEMBL5633657,8.57,8.274131249999993
CHEMBL6149334,8.56,8.556969999999994
CHEMBL4067006,8.55,7.53127500000001
CHEMBL4098833,8.55,7.234107142857154
CHEMBL4299370,8.54,7.913572916666673
CHEMBL3944941,8.54,8.068475
CHEMBL5775626,8.54,7.948475000000022
CHEMBL6102628,8.54,8.445424999999977
CHEMBL468935,8.52,8.366574999999996
CHEMBL3353925,8.52,8.385524393939386
CHEMBL3655952,8.52,8.526147916666657
CHEMBL3655972,8.52,8.464358750000015
CHEMBL3655998,8.52,8.294125000000003
CHEMBL3655947,8.52,8.353924999999991
CHEMBL3655935,8.52,8.405283333333335
CHEMBL4456827,8.52,7.854125000000027
CHEMBL4456695,8.52,8.007095833333338
CHEMBL4568509,8.52,8.242475000000015
CHEMBL5572465,8.52,7.491424999999997
CHEMBL5595677,8.52,7.340017499999999
CHEMBL483693,8.51,8.378400000000001
CHEMBL4292408,8.51,8.021599999999996
CHEMBL5589847,8.51,8.196619166666636
CHEMBL5436188,8.49,8.016362500000017
CHEMBL5572953,8.49,8.208175000000038
CHEMBL5434895,8.48,7.918949999999999
CHEMBL4251261,8.47,8.303300000000013
CHEMBL4532304,8.46,7.900974999999992
CHEMBL5410523,8.44,7.8462375000000115
CHEMBL5575487,8.44,8.130943750000041
CHEMBL6018203,8.44,7.735075000000008
CHEMBL4280893,8.43,8.199859166666647
CHEMBL6166528,8.43,8.546350000000002
CHEMBL3601333,8.42,7.619624999999989
CHEMBL4218266,8.41,7.097375000000003
CHEMBL6144652,8.41,8.353874999999984
CHEMBL469275,8.4,6.964847916666669
CHEMBL356769,8.4,7.829243749999988
CHEMBL3098606,8.4,8.000653749999996
CHEMBL3656006,8.4,8.287824999999993
CHEMBL3655975,8.4,8.424164583333352
CHEMBL3656012,8.4,8.593724999999976
CHEMBL3655926,8.4,8.340841666666696
CHEMBL3892427,8.4,8.098516250000001
CHEMBL4464812,8.4,7.934266666666681
CHEMBL4800001,8.4,6.600775
CHEMBL6133532,8.4,7.790949999999994
CHEMBL5434546,8.39,7.428408333333327
CHEMBL5796974,8.39,7.163766666666674
CHEMBL5201448,8.38,7.9586500000000235
CHEMBL5179295,8.38,8.113456249999984
CHEMBL5201054,8.37,6.790699999999995
CHEMBL5433552,8.35,7.884008333333327
CHEMBL5881079,8.35,7.901323749999981
CHEMBL4862510,8.34,7.710300000000005
CHEMBL6151525,8.34,8.052175000000029
CHEMBL4798212,8.33,8.169744999999967
CHEMBL5897397,8.33,7.327425000000008
CHEMBL5888492,8.33,7.774745833333331
CHEMBL3356921,8.3,7.848445624999991
CHEMBL3656023,8.3,7.951394642857144
CHEMBL3652237,8.3,8.094431250000007
CHEMBL3655909,8.3,8.288225000000013
CHEMBL3655907,8.3,8.252387500000024
CHEMBL3916246,8.3,7.96623309523809
CHEMBL4451623,8.3,7.362075000000007
CHEMBL4434656,8.3,7.04767500000001
CHEMBL5440192,8.3,7.369602083333342
CHEMBL5565947,8.3,7.923675000000002
CHEMBL5901171,8.3,7.600811666666647
CHEMBL5932284,8.3,6.964312500000005
CHEMBL3925038,8.29,8.36935
CHEMBL4069152,8.28,7.817191666666672
CHEMBL5283395,8.28,7.590300000000011
CHEMBL5408565,8.28,7.527112499999995
CHEMBL5432574,8.28,7.853249999999999
CHEMBL5592712,8.28,7.996012499999982
CHEMBL5594483,8.28,8.56903095238092
CHEMBL5435909,8.26,8.110450000000018
CHEMBL5769270,8.25,7.753680773809512
CHEMBL6166888,8.25,7.920749999999998
CHEMBL2179615,8.24,7.356149999999997
CHEMBL467793,8.23,7.91992499999999
CHEMBL5079785,8.23,7.782074999999975
CHEMBL5220945,8.23,7.347956250000005
CHEMBL6141738,8.23,8.088624999999993
CHEMBL3098688,8.22,8.006306249999962
CHEMBL1089495,8.22,7.806899999999993
CHEMBL3655939,8.22,8.41692499999999
CHEMBL4077645,8.22,7.60766083333333
CHEMBL4554511,8.22,7.025224999999997
CHEMBL4851023,8.22,7.605699999999998
CHEMBL5172507,8.22,7.916824999999983
CHEMBL5396951,8.22,7.903225000000015
CHEMBL5557862,8.22,7.492116666666664
CHEMBL5864391,8.22,7.684575000000017
CHEMBL5964075,8.22,7.967700000000007
CHEMBL4100664,8.21,7.750450000000018
CHEMBL4283513,8.21,7.940849999999995
CHEMBL5960394,8.21,7.648583333333338
CHEMBL5417383,8.2,8.081870833333312
CHEMBL3827814,8.19,7.923350000000006
CHEMBL5567069,8.19,7.97632500000001
CHEMBL3339018,8.18,8.051525000000002
CHEMBL4744689,8.18,8.122400000000013
CHEMBL5092198,8.18,8.122787499999994
CHEMBL5590993,8.18,7.694504166666648
CHEMBL5858537,8.18,7.955150000000002
CHEMBL468842,8.17,8.106837499999981
CHEMBL3601331,8.17,7.9891
CHEMBL3670664,8.17,6.41945
CHEMBL4065026,8.17,7.919749999999993
CHEMBL4294092,8.17,8.066624999999993
CHEMBL4278591,8.17,8.28869999999997
CHEMBL4870348,8.17,6.157827083333328
CHEMBL5785959,8.17,7.620773333333327
CHEMBL6133304,8.17,8.112874999999985
CHEMBL5184950,8.16,7.6710250000000055
CHEMBL5180181,8.16,8.250524999999985
CHEMBL5561595,8.16,7.811650000000036
CHEMBL5906388,8.16,7.938757440476162
CHEMBL2333341,8.15,7.422150000000009
CHEMBL3655931,8.15,8.04489999999997
CHEMBL3655921,8.15,8.480658333333324
CHEMBL3652225,8.15,8.11311208333334
CHEMBL4240012,8.15,8.27370000000004
CHEMBL5206304,8.15,7.660532142857144
CHEMBL5620205,8.15,7.678649999999991
CHEMBL5633237,8.15,6.925020833333324
CHEMBL5892761,8.15,7.542174999999985
CHEMBL5892148,8.15,7.601918750000003
CHEMBL5857692,8.15,7.866793750000002
CHEMBL5865138,8.15,7.561125000000015
CHEMBL5821486,8.15,8.155425000000015
CHEMBL5792904,8.15,7.682449999999997
CHEMBL3218002,8.14,6.91115
CHEMBL6052327,8.14,7.94992499999999
CHEMBL5884419,8.14,7.7858966666666625
CHEMBL4093020,8.13,7.530674999999995
CHEMBL5192865,8.13,8.033364583333327
CHEMBL4450285,8.12,7.761133750000025
CHEMBL4447715,8.12,7.586302916666656
CHEMBL5173771,8.12,8.081100000000006
CHEMBL5418936,8.12,7.845974999999999
CHEMBL5639517,8.12,8.13883749999997
CHEMBL5766757,8.11,7.96278749999999
CHEMBL3601332,8.1,7.997149999999993
CHEMBL3655912,8.1,8.421158333333349
CHEMBL4096845,8.1,7.589425000000009
CHEMBL4526673,8.1,8.041525000000014
CHEMBL5180870,8.1,7.741787500000012
CHEMBL5560750,8.1,7.678533333333341
CHEMBL4445312,8.09,7.8462229166666715
CHEMBL552465,8.09,7.083200000000008
CHEMBL5619347,8.09,8.168175000000032
CHEMBL5968026,8.09,8.080025000000004
CHEMBL356066,8.08,7.459650000000007
CHEMBL1091474,8.08,8.48022499999998
CHEMBL6025821,8.08,7.948662499999975
CHEMBL3339019,8.07,8.015099999999997
CHEMBL3339020,8.07,7.928449999999987
CHEMBL5780417,8.07,7.797136249999993
CHEMBL4465902,8.06,7.440479166666673
CHEMBL5794307,8.06,8.063125000000007
CHEMBL227170,8.05,7.7191974999999795
CHEMBL473270,8.05,8.084700000000005
CHEMBL2018441,8.05,7.8939458333333565
CHEMBL3675757,8.05,7.877968749999997
CHEMBL4514075,8.05,7.643908333333331
CHEMBL5086912,8.05,6.94489791666667
CHEMBL5181605,8.05,7.8023999999999925
CHEMBL5405779,8.05,7.735124999999979
CHEMBL5594408,8.05,7.4864212500000065
CHEMBL5785625,8.05,7.357607500000015
CHEMBL5786388,8.05,7.330950000000012
CHEMBL3918660,8.04,7.954143749999993
CHEMBL5646906,8.04,8.05593750000001
CHEMBL5842068,8.04,7.970149999999995
CHEMBL5886744,8.03,7.933524999999998
CHEMBL4080790,8.02,6.575775000000006
CHEMBL4162183,8.02,7.7809933333333525
CHEMBL5988050,8.01,7.091275000000007
CHEMBL481538,8.0,7.6601099999999995
CHEMBL482358,8.0,7.329199166666663
CHEMBL3426804,8.0,7.406449999999996
CHEMBL3655908,8.0,8.174875000000004
CHEMBL3885174,8.0,6.97624285714288
CHEMBL4556111,8.0,7.050624999999993
CHEMBL4639495,8.0,7.445833928571439
CHEMBL4854577,8.0,7.808600000000002
CHEMBL4870227,8.0,7.658100000000008
CHEMBL5186798,8.0,7.697304999999968
CHEMBL5286689,8.0,7.566554999999999
CHEMBL4282111,8.0,7.69085499999999
CHEMBL5620048,8.0,7.947341666666676
CHEMBL5877861,8.0,7.695341666666653
CHEMBL5850094,8.0,7.641591726190469
CHEMBL5911339,8.0,7.607004166666672
CHEMBL5999147,8.0,7.424937499999988
CHEMBL5882048,8.0,7.545124999999982
CHEMBL1631915,7.99,8.735796249999995
CHEMBL5633222,7.98,7.937351726190444
CHEMBL5793141,7.98,7.620773333333327
CHEMBL6168431,7.98,7.982225000000003
CHEMBL4102654,7.97,7.665175000000008
CHEMBL4530950,7.97,7.793850000000016
CHEMBL5855567,7.97,7.419929166666668
CHEMBL3601338,7.96,7.843224999999995
CHEMBL3960054,7.96,6.7667874999999915
CHEMBL4858133,7.96,8.09539999999998
CHEMBL5219048,7.96,7.545184166666684
CHEMBL5408688,7.96,7.616258333333327
CHEMBL5424768,7.96,7.51034732142857
CHEMBL5774919,7.96,7.8838999999999855
CHEMBL2018295,7.94,7.934525000000029
CHEMBL4065147,7.94,6.884110416666695
CHEMBL4064437,7.94,8.384824999999989
CHEMBL5286013,7.94,7.769350000000008
CHEMBL2431916,7.93,6.952491666666678
CHEMBL5906819,7.93,7.359883333333337
CHEMBL3415445,7.92,7.365148392857144
CHEMBL3640669,7.92,7.732667499999995
CHEMBL3958552,7.92,6.899050000000005
CHEMBL4174193,7.92,7.760666666666665
CHEMBL4209463,7.92,7.564225000000013
CHEMBL5986722,7.92,7.7799249999999995
CHEMBL5766638,7.92,7.829449999999987
CHEMBL5921155,7.92,7.716312499999992
CHEMBL5840523,7.92,7.540858333333338
CHEMBL6150030,7.92,7.175416666666685
CHEMBL3415963,7.91,7.428524999999982
CHEMBL3639395,7.91,7.7524875000000115
CHEMBL4439468,7.9,7.826758333333317
CHEMBL4863833,7.9,7.72915
CHEMBL5078586,7.9,7.740550000000006
CHEMBL5428519,7.9,7.355275000000017
CHEMBL5595178,7.9,7.855113214285698
CHEMBL217651,7.89,7.260202857142852
CHEMBL3652238,7.89,8.124325000000004
CHEMBL4649511,7.89,7.567985416666662
CHEMBL4755724,7.89,7.536163511904771
CHEMBL5185310,7.89,7.005591666666655
CHEMBL5205415,7.89,6.966460416666673
CHEMBL5220434,7.89,7.0482166666666295
CHEMBL5619260,7.89,7.656874999999982
CHEMBL5819845,7.89,7.00667500000001
CHEMBL5764116,7.89,7.825439999999993
CHEMBL5765615,7.89,7.981024999999999
CHEMBL5904464,7.89,7.576421666666658
CHEMBL6175143,7.89,6.514124999999996
CHEMBL3601342,7.87,7.373468749999993
CHEMBL4468802,7.87,7.374250000000002
CHEMBL5596430,7.87,7.396170833333318
CHEMBL4878288,7.86,7.956520833333331
CHEMBL5089854,7.86,6.835884583333343
CHEMBL5836159,7.86,7.620773333333327
CHEMBL3652235,7.85,8.139275000000001
CHEMBL4462652,7.85,7.615798749999994
CHEMBL4439481,7.85,7.8862750000000315
CHEMBL4548553,7.85,7.322199999999998
CHEMBL4860396,7.85,7.696425000000008
CHEMBL5175778,7.85,7.830825000000012
CHEMBL5206969,7.85,7.730900000000016
CHEMBL5281081,7.85,7.7517
CHEMBL5592570,7.85,8.15660208333334
CHEMBL5917068,7.85,7.743725000000011
CHEMBL5930159,7.85,7.615876250000018
CHEMBL3939771,7.84,7.781124999999962
CHEMBL4847771,7.84,7.888758333333333
CHEMBL4860333,7.84,8.211929166666682
CHEMBL5595174,7.84,7.692800000000021
CHEMBL5087239,7.83,7.755737499999986
CHEMBL5274632,7.83,7.948125000000005
CHEMBL403323,7.82,7.380475000000006
CHEMBL3339034,7.82,7.798718749999998
CHEMBL3652229,7.82,8.315597916666688
CHEMBL3770936,7.82,7.975150000000027
CHEMBL3693712,7.82,7.448666666666675
CHEMBL5087220,7.82,8.118037499999993
CHEMBL5179687,7.82,7.893175000000011
CHEMBL5192119,7.82,7.58506874999999
CHEMBL5194900,7.82,7.513737499999996
CHEMBL5422921,7.82,7.653847916666691
CHEMBL5980790,7.82,7.452949999999988
CHEMBL5792493,7.82,7.838287499999992
CHEMBL6053258,7.82,7.29036666666664
CHEMBL3693789,7.81,7.645524999999996
CHEMBL4206021,7.81,6.622099999999992
CHEMBL4846564,7.81,7.588340833333328
CHEMBL2417781,7.8,8.072862499999996
CHEMBL2442800,7.8,7.630712500000021
CHEMBL3982710,7.8,7.736100000000005
CHEMBL4096623,7.8,7.456825000000004
CHEMBL5434758,7.8,7.854523333333324
CHEMBL5646691,7.8,7.762500000000009
CHEMBL5826961,7.8,7.480404999999987
CHEMBL5920258,7.8,7.557809027777784
CHEMBL6143656,7.8,7.817700000000018
CHEMBL3640678,7.79,7.61889999999998
CHEMBL5173782,7.79,7.220866666666655
CHEMBL5436704,7.79,7.929750000000006
CHEMBL5425061,7.79,8.73062499999997
CHEMBL6021614,7.79,7.7979208333333565
CHEMBL4077893,7.78,7.267324999999992
CHEMBL3415629,7.77,7.051423511904761
CHEMBL3693746,7.77,7.74057083333336
CHEMBL4462577,7.77,6.876600000000003
CHEMBL4442266,7.77,8.024175000000001
CHEMBL5426948,7.77,7.280018749999998
CHEMBL5619581,7.77,7.724412500000003
CHEMBL5947327,7.77,7.391500000000002
CHEMBL3735212,7.76,7.444673333333314
CHEMBL4067480,7.76,7.218124999999995
CHEMBL481297,7.75,6.667625000000008
CHEMBL3415628,7.75,7.11582952380953
CHEMBL3759562,7.75,6.790618749999994
CHEMBL5184839,7.75,7.713524999999999
CHEMBL5424224,7.75,7.372449999999998
CHEMBL6059599,7.75,7.09957499999999
CHEMBL6167470,7.75,7.860158333333322
CHEMBL2048752,7.74,7.543125000000003
CHEMBL3827281,7.74,7.777125000000004
CHEMBL6092079,7.74,7.697345000000008
CHEMBL6167637,7.74,7.838624999999995
CHEMBL6163400,7.73,7.548899999999991
CHEMBL4472834,7.72,7.6211316666666775
CHEMBL2103863,7.72,7.60476874999999
CHEMBL5076638,7.72,7.78627499999999
CHEMBL5090786,7.72,7.587433333333329
CHEMBL5557556,7.72,7.286648958333333
CHEMBL6003395,7.72,7.684799999999998
CHEMBL5843410,7.72,7.407387500000002
CHEMBL5901372,7.72,7.162149999999997
CHEMBL5935148,7.72,7.6166041666666615
CHEMBL5897543,7.72,7.591844999999986
CHEMBL5966500,7.72,7.459456249999972
CHEMBL6173789,7.72,7.704397916666669
CHEMBL3911796,7.71,7.450825000000008
CHEMBL4441774,7.71,6.181074999999998
CHEMBL4877023,7.71,7.591542857142872
CHEMBL5088034,7.71,6.919460416666676
CHEMBL2023529,7.7,7.623774999999971
CHEMBL4781628,7.7,7.587079999999989
CHEMBL5172884,7.7,7.893958333333339
CHEMBL5631908,7.7,7.883450000000018
CHEMBL5858615,7.7,7.020080833333333
CHEMBL5831429,7.7,7.50111458333333
CHEMBL2431919,7.69,7.012029166666655
CHEMBL4591740,7.69,7.322291666666672
CHEMBL5817806,7.69,7.708449999999986
CHEMBL5799645,7.68,7.9079499999999765
CHEMBL6010589,7.68,7.223612916666651
CHEMBL5977093,7.68,7.83430416666667
CHEMBL5761665,7.68,7.635493750000015
CHEMBL5845001,7.68,7.601433333333316
CHEMBL4854541,7.67,7.708504166666662
CHEMBL5091553,7.67,7.721025000000009
CHEMBL5596197,7.67,7.31824583333335
CHEMBL3098603,7.66,7.557608333333337
CHEMBL3339011,7.66,7.9760500000000025
CHEMBL3760013,7.66,6.712470833333325
CHEMBL6042816,7.66,7.960279166666644
CHEMBL5978462,7.66,7.886537500000011
CHEMBL5752876,7.66,7.624095833333319
CHEMBL5868506,7.66,7.4321775000000025
CHEMBL5094029,7.64,7.648374999999979
CHEMBL5863119,7.64,6.944487499999992
CHEMBL5853035,7.64,7.455860416666663
CHEMBL6003006,7.64,7.287623333333326
CHEMBL6063834,7.64,7.582904166666649
CHEMBL2425957,7.62,7.236900000000017
CHEMBL3339010,7.62,7.908349999999988
CHEMBL3693715,7.62,7.3329
CHEMBL4483795,7.62,6.456984999999994
CHEMBL5201623,7.62,6.51819416666666
CHEMBL5171820,7.62,7.458930000000012
CHEMBL5968609,7.62,7.949793750000027
CHEMBL5973203,7.62,7.748997916666658
CHEMBL4299469,7.61,6.52717500000002
CHEMBL6000175,7.61,7.463558333333326
CHEMBL1094152,7.6,7.229411309523812
CHEMBL4060607,7.6,7.611120833333349
CHEMBL4549502,7.6,7.666725000000001
CHEMBL5830752,7.6,7.43043750000002
CHEMBL5080111,7.59,7.163574999999994
CHEMBL5991740,7.59,7.6500055357142775
CHEMBL2442797,7.58,7.56211607142858
CHEMBL3758882,7.58,6.866831249999995
CHEMBL4562808,7.58,7.640249999999998
CHEMBL4790223,7.58,7.544075595238098
CHEMBL5977824,7.58,7.429998214285692
CHEMBL6050379,7.58,7.7263370833333305
CHEMBL5750975,7.58,7.470669047619041
CHEMBL6102394,7.58,7.546433333333337
CHEMBL6143889,7.58,7.576875
CHEMBL3339021,7.57,7.953400000000008
CHEMBL3758261,7.57,6.877906249999993
CHEMBL3763388,7.57,7.207845833333349
CHEMBL3622533,7.57,7.359300000000008
CHEMBL5189911,7.57,6.829075000000013
CHEMBL5218764,7.57,7.204278571428585
CHEMBL5632401,7.57,7.110499999999987
CHEMBL5963528,7.57,7.724550000000002
CHEMBL5909809,7.57,7.535399999999998
CHEMBL5951388,7.57,7.554018750000006
CHEMBL6168782,7.57,7.93661499999999
CHEMBL5191960,7.56,7.8200749999999895
CHEMBL1289931,7.55,7.204904166666662
CHEMBL3675748,7.55,6.773294166666695
CHEMBL4559559,7.55,6.749660416666684
CHEMBL5418257,7.55,6.152700000000006
CHEMBL5618301,7.55,7.215624999999993
CHEMBL5797110,7.55,7.348673333333327
CHEMBL5945799,7.55,7.485479166666667
CHEMBL5993371,7.55,7.366981250000014
CHEMBL4226433,7.54,7.826124999999986
CHEMBL4593341,7.54,7.333843333333307
CHEMBL4858918,7.54,7.221181250000003
CHEMBL5739879,7.54,7.336654166666666
CHEMBL5747111,7.54,7.437649999999995
CHEMBL3693734,7.53,7.554974999999981
CHEMBL5409321,7.53,7.790364999999997
CHEMBL5186022,7.52,7.828900000000008
CHEMBL5410192,7.52,6.952519851190491
CHEMBL5563092,7.52,7.900300000000043
CHEMBL3098697,7.51,7.611074999999986
CHEMBL4280840,7.51,7.555124999999993
CHEMBL4520424,7.51,6.425916666666673
CHEMBL4846435,7.51,8.52249999999997
CHEMBL5979588,7.51,7.77785
CHEMBL5871252,7.51,7.965699999999998
CHEMBL2431918,7.5,7.003299999999996
CHEMBL4299428,7.5,7.956582499999977
CHEMBL4299488,7.5,7.957698749999976
CHEMBL4283545,7.5,7.405424999999995
CHEMBL4436806,7.5,7.751317857142867
CHEMBL4763061,7.5,6.830870833333336
CHEMBL5171575,7.5,7.81893125
CHEMBL5205120,7.5,6.537691666666664
CHEMBL5892247,7.5,7.4234029166666575
CHEMBL5880474,7.5,6.661874999999992
CHEMBL4799423,7.49,7.53666333333333
CHEMBL4579366,7.48,7.924118749999968
CHEMBL4752147,7.48,7.333001250000006
CHEMBL5076046,7.48,7.629299999999973
CHEMBL5410802,7.48,7.392362500000008
CHEMBL6052980,7.48,7.392533333333351
CHEMBL5934316,7.48,6.951554999999994
CHEMBL2347011,7.47,6.778810416666666
CHEMBL3335300,7.47,6.777791666666685
CHEMBL3970950,7.47,7.295673749999989
CHEMBL5894435,7.47,7.523600000000011
CHEMBL5764822,7.47,7.719625000000001
CHEMBL5915308,7.47,7.324824999999989
CHEMBL5900310,7.47,7.6500055357142775
CHEMBL227120,7.46,7.366156250000007
CHEMBL468841,7.46,6.587229166666663
CHEMBL2018294,7.46,7.991416666666667
CHEMBL3356928,7.46,7.797083630952395
CHEMBL3693785,7.46,7.546374999999975
CHEMBL4464975,7.46,7.626156250000005
CHEMBL3039527,7.46,6.767125714285708
CHEMBL5093906,7.46,7.582374999999978
CHEMBL5560323,7.46,7.578618333333336
CHEMBL5612289,7.46,7.3508395833333475
CHEMBL6064735,7.46,7.493174999999988
CHEMBL5920371,7.46,7.166199999999998
CHEMBL5803306,7.46,6.789079166666653
CHEMBL5759477,7.46,7.032090535714279
CHEMBL6150697,7.46,7.8443
CHEMBL4068828,7.45,7.39366250000002
CHEMBL2381517,7.44,6.651174999999999
CHEMBL3693749,7.44,7.163465000000005
CHEMBL4225495,7.44,7.862250000000012
CHEMBL4471619,7.44,7.796332083333307
CHEMBL6046805,7.44,7.072337500000002
CHEMBL5888879,7.44,7.662104999999996
CHEMBL5748968,7.44,7.562137500000007
CHEMBL6028966,7.44,7.562083333333367
CHEMBL5990549,7.44,7.423119404761881
CHEMBL561209,7.43,7.101375000000034
CHEMBL4442157,7.43,7.771909523809533
CHEMBL4588261,7.43,6.636701666666671
CHEMBL4211477,7.42,7.061662500000015
CHEMBL5188237,7.42,7.382845833333324
CHEMBL5823350,7.42,7.48291916666665
CHEMBL6017328,7.42,6.4833750000000006
CHEMBL6048150,7.42,7.299576666666678
CHEMBL3353056,7.41,6.862660000000014
CHEMBL4854447,7.41,7.248636904761921
CHEMBL6004344,7.41,7.5058166666666795
CHEMBL5956049,7.41,7.23228333333336
CHEMBL5815233,7.41,7.287524999999997
CHEMBL5808851,7.41,7.444157053571427
CHEMBL480729,7.4,7.440431249999998
CHEMBL1822050,7.4,7.447600476190494
CHEMBL3309288,7.4,7.49232916666667
CHEMBL3775269,7.4,7.079074999999996
CHEMBL4087230,7.4,7.649575000000027
CHEMBL4204972,7.4,7.228285416666672
CHEMBL5205968,7.4,7.352237500000037
CHEMBL5176749,7.4,6.619301666666668
CHEMBL5563571,7.4,7.407610416666666
CHEMBL5598550,7.4,6.966349999999976
CHEMBL5619732,7.4,7.261862500000022
CHEMBL5794701,7.4,7.327800000000005
CHEMBL2425965,7.39,7.470566666666655
CHEMBL5440733,7.39,7.794189999999994
CHEMBL5557763,7.39,7.604958333333339
CHEMBL6033548,7.39,7.504746904761911
CHEMBL2386907,7.38,7.196500000000019
CHEMBL4758855,7.38,7.393959999999998
CHEMBL5077168,7.38,6.951666666666657
CHEMBL5410652,7.38,7.688274999999989
CHEMBL5568472,7.38,7.219899999999998
CHEMBL6023691,7.38,7.847549999999984
CHEMBL5910723,7.38,7.148891666666654
CHEMBL6013417,7.38,7.3758083333333175
CHEMBL481878,7.37,6.403158333333331
CHEMBL4102147,7.37,7.312558333333339
CHEMBL4167374,7.37,7.981279166666685
CHEMBL4645270,7.37,7.413834999999988
CHEMBL5561143,7.37,7.660149999999995
CHEMBL5619270,7.37,7.668974999999985
CHEMBL5798427,7.37,6.487902916666634
CHEMBL5955355,7.37,7.347899999999989
CHEMBL6042935,7.37,6.950387499999982
CHEMBL6056267,7.37,7.699227797619037
CHEMBL3415962,7.36,7.375829999999986
CHEMBL4435558,7.36,7.164458333333333
CHEMBL5287254,7.36,7.685562499999988
CHEMBL5858384,7.36,7.142650000000018
CHEMBL4525968,7.35,7.4193000000000096
CHEMBL5987197,7.34,7.626199999999996
CHEMBL5926865,7.34,7.24962499999998
CHEMBL6074533,7.34,7.048831249999997
CHEMBL6133389,7.34,6.80878125000002
CHEMBL3926575,7.33,7.4341375000000065
CHEMBL5564312,7.33,7.597541071428592
CHEMBL5592141,7.33,7.5760833333333615
CHEMBL5619312,7.33,7.219600000000009
CHEMBL6019550,7.33,6.995465833333324
CHEMBL4206296,7.32,5.6082312500000056
CHEMBL5432519,7.32,7.972483333333338
CHEMBL5877641,7.32,7.766884523809512
CHEMBL3774858,7.31,7.179724999999974
CHEMBL4794313,7.31,6.882229166666677
CHEMBL5867217,7.31,7.476758333333331
CHEMBL5764885,7.31,7.103007499999987
CHEMBL521431,7.3,7.167519583333334
CHEMBL1096705,7.3,7.1479249999999706
CHEMBL1630118,7.3,6.022775000000012
CHEMBL2436596,7.3,6.75407916666669
CHEMBL4079007,7.3,7.414725000000016
CHEMBL5406487,7.3,7.416909999999991
CHEMBL5567727,7.3,7.521358333333342
CHEMBL6014159,7.3,7.1796166666666785
CHEMBL6025069,7.3,7.334249166666655
CHEMBL260653,7.29,7.76899999999999
CHEMBL1938433,7.29,6.823700000000002
CHEMBL3640701,7.29,7.561500000000007
CHEMBL4577107,7.29,6.674478333333331
CHEMBL5950464,7.29,6.968141666666675
CHEMBL5992079,7.29,7.2563779166666516
CHEMBL4166504,7.28,7.472508333333332
CHEMBL4160522,7.28,6.571424999999992
CHEMBL4560533,7.28,7.435654166666663
CHEMBL4856184,7.28,7.174875000000003
CHEMBL5618388,7.28,7.6793499999999995
CHEMBL3601774,7.27,7.544224999999978
CHEMBL4849507,7.27,7.462636666666674
CHEMBL5085680,7.27,7.180783333333334
CHEMBL5739618,7.27,7.604137500000005
CHEMBL3415964,7.26,7.521999999999976
CHEMBL4576056,7.26,7.366224999999993
CHEMBL5415711,7.26,6.92013750000001
CHEMBL5598317,7.26,7.373624999999971
CHEMBL4873811,7.25,7.420880833333346
CHEMBL5791593,7.25,7.033325000000018
CHEMBL5917795,7.25,7.086710000000008
CHEMBL5206179,7.24,7.247214999999991
CHEMBL5401169,7.24,7.937392857142875
CHEMBL5948831,7.24,6.617545833333333
CHEMBL5811192,7.24,7.139957916666667
CHEMBL6165340,7.24,7.607275
CHEMBL2048751,7.23,8.149141666666669
CHEMBL4217618,7.23,6.856250000000014
CHEMBL5858231,7.23,7.072824999999999
CHEMBL6169934,7.23,7.625299999999995
CHEMBL2179245,7.22,7.458946666666646
CHEMBL4641253,7.22,6.83088958333335
CHEMBL5177240,7.22,7.306855000000002
CHEMBL5974009,7.22,6.764599999999986
CHEMBL6133418,7.22,7.426091666666657
CHEMBL467998,7.21,6.567068750000002
CHEMBL598797,7.21,7.656479166666659
CHEMBL5191436,7.21,6.940800000000005
CHEMBL1099049,7.2,7.053052976190455
CHEMBL3415619,7.2,6.615304166666672
CHEMBL4475240,7.2,7.788950000000018
CHEMBL5090940,7.2,7.229374999999988
CHEMBL5915193,7.2,7.483325000000008
CHEMBL5743988,7.2,7.179750000000015
CHEMBL479611,7.19,6.653975000000023
CHEMBL4292530,7.19,7.463500000000015
CHEMBL5803021,7.19,7.104345833333347
CHEMBL5746424,7.19,7.613608333333331
CHEMBL5867680,7.19,7.023674999999981
CHEMBL6144448,7.19,7.479825000000001
CHEMBL3885496,7.18,7.204067857142849
CHEMBL3693742,7.18,7.717916666666689
CHEMBL4203481,7.18,6.96522500000002
CHEMBL6028975,7.18,7.0575
CHEMBL6044582,7.18,7.149845416666681
CHEMBL5841900,7.18,7.3169666666666515
CHEMBL469134,7.17,6.545887500000001
CHEMBL3693744,7.17,7.089924999999971
CHEMBL4638377,7.17,6.712038333333342
CHEMBL5219941,7.17,7.302335416666647
CHEMBL5563252,7.17,6.3794583333333374
CHEMBL5966396,7.17,7.204174999999968
CHEMBL5830209,7.17,7.4376401785714314
CHEMBL4226024,7.16,7.3782833333333455
CHEMBL4740842,7.16,6.279493750000007
CHEMBL4866446,7.16,7.522012499999989
CHEMBL4299406,7.15,6.705500000000022
CHEMBL446512,7.14,6.482404166666661
CHEMBL4514808,7.14,7.199324999999993
CHEMBL4860720,7.14,7.599525833333328
CHEMBL5092849,7.14,6.87614999999999
CHEMBL5819950,7.14,7.960787500000024
CHEMBL5947239,7.14,7.130624999999997
CHEMBL5901397,7.14,7.002183333333332
CHEMBL5781246,7.14,7.137350000000031
CHEMBL5823697,7.14,7.444157053571427
CHEMBL3693743,7.13,7.585549999999995
CHEMBL3943331,7.13,7.505779166666682
CHEMBL4757768,7.13,6.31781666666667
CHEMBL4862556,7.13,6.718524999999994
CHEMBL4871002,7.13,7.362611309523803
CHEMBL5090390,7.13,6.707993749999996
CHEMBL5785390,7.13,6.700174999999982
CHEMBL6035857,7.13,7.073604583333334
CHEMBL3736170,7.12,7.446555000000003
CHEMBL2105763,7.12,6.7638340476190395
CHEMBL5169915,7.12,6.993450000000032
CHEMBL5982787,7.12,7.0869889880952535
CHEMBL5990605,7.12,7.41702499999998
CHEMBL6051283,7.12,7.737065892857131
CHEMBL3890846,7.11,7.350300000000001
CHEMBL5278328,7.11,7.516770833333344
CHEMBL5936835,7.11,6.660802857142857
CHEMBL1095972,7.1,6.985287499999975
CHEMBL4562244,7.1,8.230004166666667
CHEMBL4534503,7.1,7.627145833333335
CHEMBL5277907,7.1,6.6481749999999895
CHEMBL5563126,7.1,6.446302499999994
CHEMBL5986690,7.1,7.22010833333335
CHEMBL4248226,7.09,6.68010625
CHEMBL5410667,7.09,7.780608749999996
CHEMBL5882942,7.09,6.69308249999998
CHEMBL6017518,7.09,6.752452083333321
CHEMBL3925737,7.08,7.001925000000004
CHEMBL4785871,7.08,6.91070559523808
CHEMBL4878639,7.08,7.436871666666662
CHEMBL5220715,7.08,6.658369999999998
CHEMBL5567484,7.08,6.778387499999979
CHEMBL5832642,7.08,7.150125000000013
CHEMBL5815973,7.08,7.284385833333335
CHEMBL4520110,7.07,7.2176250000000035
CHEMBL5762759,7.07,7.081670833333345
CHEMBL5792544,7.07,7.032414375000009
CHEMBL4070306,7.06,8.564812499999944
CHEMBL5844676,7.06,6.984149999999991
CHEMBL6011668,7.06,7.543949999999988
CHEMBL2442698,7.05,7.345850000000024
CHEMBL3675747,7.05,7.1650450000000125
CHEMBL5959499,7.05,7.782374999999994
CHEMBL6150434,7.05,7.364292559523781
CHEMBL6176818,7.05,6.943041666666666
CHEMBL3640663,7.04,7.13233333333332
CHEMBL4865529,7.04,7.344311309523801
CHEMBL6008010,7.04,7.48820000000001
CHEMBL5995237,7.04,7.155625000000014
CHEMBL487615,7.03,6.427325000000014
CHEMBL1798007,7.03,6.9659782142857205
CHEMBL4561439,7.03,6.791658333333348
CHEMBL4872845,7.03,7.131962499999983
CHEMBL5081983,7.03,7.10727500000001
CHEMBL5572950,7.03,7.588000000000002
CHEMBL6048200,7.03,7.186400000000003
CHEMBL5912534,7.03,7.208550000000002
CHEMBL4283418,7.02,7.047896388888895
CHEMBL5834555,7.02,7.1405316666666545
CHEMBL5865684,7.02,7.329427976190475
CHEMBL4214135,7.01,7.374725000000016
CHEMBL6062795,7.01,7.343758333333362
CHEMBL1097017,7.0,7.229312499999992
CHEMBL1096022,7.0,7.114808333333309
CHEMBL1095120,7.0,6.967049999999967
CHEMBL3415621,7.0,6.586399999999998
CHEMBL4467027,7.0,6.736425000000002
CHEMBL5937703,7.0,7.152883333333336
CHEMBL5887635,7.0,7.382854583333332
CHEMBL6144214,7.0,7.617398095238093
CHEMBL5851392,6.99,7.117958333333338
CHEMBL3758334,6.97,6.640087500000006
CHEMBL4562156,6.97,7.154899999999998
CHEMBL4873563,6.97,7.788066666666664
CHEMBL4518594,6.96,7.3005
CHEMBL4854716,6.96,7.135487500000003
CHEMBL5777623,6.96,6.695502083333339
CHEMBL3770180,6.95,5.973100000000008
CHEMBL4636672,6.95,7.263523928571426
CHEMBL4849763,6.95,6.778625000000025
CHEMBL5944295,6.95,7.200349166666675
CHEMBL180911,6.94,6.248075000000018
CHEMBL3693751,6.94,7.011099999999986
CHEMBL1093033,6.93,6.983025000000009
CHEMBL3693767,6.93,7.3173
CHEMBL4863011,6.93,6.814101190476203
CHEMBL4864178,6.93,7.110629999999989
CHEMBL5072785,6.93,7.101175000000016
CHEMBL482075,6.92,6.41915000000001
CHEMBL466215,6.92,6.040504166666657
CHEMBL2387320,6.92,7.023083749999997
CHEMBL3797843,6.92,6.3445499999999955
CHEMBL4248676,6.92,6.497005833333344
CHEMBL4546176,6.92,6.938249999999999
CHEMBL4756672,6.92,7.2161666666666635
CHEMBL4782504,6.92,7.219918333333319
CHEMBL5195141,6.92,7.56980999999999
CHEMBL5632288,6.92,5.076066666666656
CHEMBL5631448,6.92,6.886775000000015
CHEMBL5915110,6.92,7.271602500000003
CHEMBL5980383,6.92,7.152527083333329
CHEMBL3758901,6.91,6.792108928571432
CHEMBL3899275,6.91,6.853955833333327
CHEMBL5881261,6.91,7.248879166666669
CHEMBL4866673,6.9,7.5806000000000155
CHEMBL3309286,6.89,7.248039583333327
CHEMBL3797455,6.89,6.533320000000003
CHEMBL4878538,6.89,7.400850833333328
CHEMBL5883982,6.89,6.7138229166666585
CHEMBL2347009,6.88,6.507363749999999
CHEMBL5087206,6.88,7.001937499999993
CHEMBL6148413,6.88,6.633825000000009
CHEMBL3693811,6.87,6.990812499999979
CHEMBL4530238,6.87,7.342745833333318
CHEMBL5797714,6.87,6.923636666666672
CHEMBL5746096,6.87,6.910460416666643
CHEMBL3356933,6.86,7.4773409226190495
CHEMBL4165684,6.86,7.588666666666661
CHEMBL5887263,6.86,7.304090803571435
CHEMBL5823000,6.86,6.864537380952376
CHEMBL6167938,6.86,7.215524583333323
CHEMBL3693784,6.85,7.1684249999999885
CHEMBL3693801,6.85,7.11013124999999
CHEMBL154302,6.85,6.598349999999998
CHEMBL6021537,6.85,6.72245416666667
CHEMBL5947493,6.85,6.646682499999976
CHEMBL6169035,6.85,6.580431249999991
CHEMBL4864510,6.84,6.8071916666666485
CHEMBL2390996,6.83,7.1326999999999945
CHEMBL3601339,6.83,7.506902083333317
CHEMBL481802,6.82,8.07988
CHEMBL3800411,6.82,6.398649999999995
CHEMBL5267454,6.82,7.142037500000002
CHEMBL5880794,6.82,7.216649999999998
CHEMBL481726,6.8,7.409003511904772
CHEMBL1095075,6.8,7.147791666666659
CHEMBL1095718,6.8,7.025347916666664
CHEMBL4578278,6.8,7.548379166666672
CHEMBL4642518,6.8,6.2654683333333585
CHEMBL4857763,6.8,6.348250000000003
CHEMBL5170140,6.8,6.518804166666676
CHEMBL5219361,6.8,6.65735416666667
CHEMBL5871768,6.8,7.278136488095238
CHEMBL2431903,6.79,6.713399999999957
CHEMBL4865197,6.79,6.922775000000034
CHEMBL510856,6.78,6.509181249999976
CHEMBL3233711,6.78,6.808575000000012
CHEMBL3760046,6.78,6.70084999999999
CHEMBL5087583,6.78,6.842075000000002
CHEMBL5291414,6.78,6.938648333333326
CHEMBL5270568,6.78,7.647550000000009
CHEMBL5402253,6.78,6.501825000000005
CHEMBL487370,6.77,6.274137500000007
CHEMBL481718,6.77,7.577210833333338
CHEMBL504161,6.77,6.339793750000009
CHEMBL585554,6.77,6.59072500000001
CHEMBL4445210,6.77,6.425537500000011
CHEMBL5204550,6.77,6.755958333333342
CHEMBL5777139,6.77,7.096021904761901
CHEMBL521355,6.76,6.268150000000005
CHEMBL470843,6.76,6.80537916666667
CHEMBL4856388,6.76,6.96354666666665
CHEMBL5791808,6.76,7.359791666666666
CHEMBL244199,6.75,6.6605000000000025
CHEMBL2408820,6.75,5.54231250000002
CHEMBL2413317,6.75,6.447674999999986
CHEMBL3693738,6.75,7.204549999999983
CHEMBL5407992,6.75,7.914900000000006
CHEMBL481319,6.74,6.358847500000011
CHEMBL3394285,6.74,7.0560750000000265
CHEMBL4865551,6.74,6.684725000000036
CHEMBL5839729,6.74,6.925683333333297
CHEMBL3968861,6.73,6.24812499999999
CHEMBL4280808,6.73,7.229308333333329
CHEMBL4592260,6.73,7.497479166666666
CHEMBL4644118,6.73,6.604217499999988
CHEMBL5193360,6.73,7.54694999999999
CHEMBL5594639,6.73,8.345212499999992
CHEMBL5929893,6.73,7.222779464285719
CHEMBL3589351,6.72,6.993474999999993
CHEMBL4584312,6.72,6.339249999999989
CHEMBL4520400,6.72,7.0543500000000074
CHEMBL4761829,6.72,7.367241666666656
CHEMBL4784467,6.72,6.662241666666667
CHEMBL5809468,6.72,7.71267857142859
CHEMBL5802539,6.72,7.1585520833333325
CHEMBL451289,6.71,6.430483333333324
CHEMBL3693802,6.71,6.962324999999993
CHEMBL4438753,6.71,5.412099999999999
CHEMBL514478,6.7,6.352187499999993
CHEMBL4078822,6.7,7.448258333333319
CHEMBL1164564,6.7,5.814063749999999
CHEMBL5092482,6.7,6.873574999999983
CHEMBL5569761,6.7,6.625125000000002
CHEMBL5893685,6.7,6.789718749999991
CHEMBL6005306,6.7,7.181009821428569
CHEMBL479602,6.69,6.499229166666664
CHEMBL4746111,6.69,6.902556250000029
CHEMBL5597853,6.69,6.6960750000000155
CHEMBL4448978,6.68,7.082579166666664
CHEMBL5883787,6.68,7.043777083333323
CHEMBL2442791,6.67,6.542451666666662
CHEMBL4791396,6.67,6.769853125000022
CHEMBL5596479,6.67,6.7225999999999795
CHEMBL4210396,6.66,7.071400000000001
CHEMBL4638330,6.66,6.484152499999994
CHEMBL4878197,6.66,5.940125000000004
CHEMBL5856096,6.66,7.22290166666668
CHEMBL1791401,6.64,6.150166249999995
CHEMBL419758,6.64,6.3862758333333485
CHEMBL6007499,6.64,6.743587499999984
CHEMBL4795265,6.63,7.003071398809535
CHEMBL4858828,6.63,6.548558333333351
CHEMBL6009347,6.63,7.003071398809535
CHEMBL6147726,6.63,6.427074999999991
CHEMBL4210899,6.62,7.233762500000011
CHEMBL6162777,6.62,6.913240000000001
CHEMBL3681867,6.61,6.571724999999997
CHEMBL475391,6.6,6.268745833333328
CHEMBL3758778,6.6,6.463512500000004
CHEMBL4210578,6.6,7.014995000000006
CHEMBL4848955,6.6,6.566695000000019
CHEMBL485968,6.58,6.4641600000000015
CHEMBL4637397,6.58,6.489465833333346
CHEMBL6034106,6.58,7.663176666666655
CHEMBL4102833,6.57,7.047896388888895
CHEMBL5408198,6.57,8.002755952380953
CHEMBL6165134,6.56,7.556850000000001
CHEMBL6174881,6.56,6.648887499999984
CHEMBL475203,6.55,6.3630125
CHEMBL589311,6.55,6.832083333333292
CHEMBL4069631,6.55,6.965024999999979
CHEMBL5798594,6.55,6.841895416666667
CHEMBL4777336,6.54,6.583791666666679
CHEMBL3771312,6.52,5.829474999999999
CHEMBL3798027,6.52,6.226825
CHEMBL5219875,6.52,6.062550000000005
CHEMBL5219490,6.52,6.651907499999997
CHEMBL4781332,6.51,6.498175000000009
CHEMBL5866233,6.51,6.886995833333328
CHEMBL2047681,6.5,6.290320833333318
CHEMBL3771174,6.5,6.8282750000000165
CHEMBL3693761,6.5,6.887583333333326
CHEMBL4086409,6.5,6.9306416666666415
CHEMBL4448385,6.5,7.375956666666683
CHEMBL5633420,6.5,6.90477499999998
CHEMBL5938273,6.5,6.160824999999991
CHEMBL5930554,6.5,7.081387500000001
CHEMBL4209220,6.49,7.072775000000023
CHEMBL4866346,6.49,7.111912500000032
CHEMBL242473,6.48,6.531933333333338
CHEMBL598363,6.48,6.897708333333298
CHEMBL5191149,6.48,6.295624999999974
CHEMBL4750838,6.47,7.517072499999995
CHEMBL480884,6.46,6.565833333333326
CHEMBL3681864,6.46,6.465425000000002
CHEMBL4202659,6.46,7.212524999999987
CHEMBL4789481,6.46,7.169669583333347
CHEMBL4850038,6.46,5.557624999999993
CHEMBL4286053,6.45,6.24618333333333
CHEMBL5596683,6.44,6.312974999999989
CHEMBL5591748,6.43,8.52882083333335
CHEMBL5975271,6.43,7.573875833333333
CHEMBL3415446,6.42,5.97119999999999
CHEMBL482094,6.41,6.3889041666666655
CHEMBL507114,6.41,6.593724999999994
CHEMBL4581033,6.41,5.495850000000002
CHEMBL4871029,6.41,6.493750000000027
CHEMBL5796748,6.41,6.975749999999993
CHEMBL6161641,6.41,6.66236000000002
CHEMBL492312,6.4,6.2547375000000045
CHEMBL2408696,6.4,5.53285000000002
CHEMBL5590465,6.4,6.92845000000001
CHEMBL592719,6.39,6.863133333333296
CHEMBL4638976,6.39,6.42733833333335
CHEMBL4638264,6.39,6.397241666666652
CHEMBL6046123,6.39,7.291042499999994
CHEMBL474051,6.38,6.4547
CHEMBL482136,6.37,6.264969166666675
CHEMBL2413292,6.37,6.395349999999997
CHEMBL3311472,6.37,6.994962499999991
CHEMBL2431908,6.36,6.8919145833333255
CHEMBL3086767,6.36,5.480699999999998
CHEMBL5421030,6.36,6.644599999999998
CHEMBL2046609,6.35,6.43120791666666
CHEMBL4289912,6.35,6.518322500000002
CHEMBL4640986,6.35,6.98415625
CHEMBL5195924,6.35,6.695291666666667
CHEMBL3947997,6.35,5.842458750000003
CHEMBL6007825,6.35,6.59036166666665
CHEMBL2337869,6.34,6.183025000000004
CHEMBL4745420,6.34,6.517391666666661
CHEMBL5624856,6.34,5.9632821428571265
CHEMBL5590850,6.33,8.688425000000025
CHEMBL524193,6.32,6.435174999999992
CHEMBL480973,6.32,6.311345833333327
CHEMBL3415966,6.32,7.602524999999971
CHEMBL4070705,6.32,6.329400000000001
CHEMBL5598136,6.32,6.907924999999967
CHEMBL6018183,6.32,6.902794166666671
CHEMBL55895,6.3,6.264574999999982
CHEMBL5398428,6.3,6.016615000000007
CHEMBL5593848,6.3,6.890724999999993
CHEMBL481922,6.29,6.558358333333357
CHEMBL15870,6.29,5.893518750000002
CHEMBL5208297,6.29,6.730824999999998
CHEMBL5590322,6.28,6.7481461309524
CHEMBL3918458,6.27,6.783179166666671
CHEMBL4096524,6.27,6.727320833333351
CHEMBL5177616,6.27,6.211375000000004
CHEMBL2413298,6.26,5.965175000000006
CHEMBL6039079,6.26,6.778624999999977
CHEMBL6045075,6.26,7.39955261904763
CHEMBL5944854,6.26,7.278649999999988
CHEMBL5849555,6.26,6.744778452380944
CHEMBL3968356,6.25,6.320993749999972
CHEMBL4474608,6.25,6.8003583333333335
CHEMBL573899,6.24,6.310600000000019
CHEMBL1164992,6.24,5.794302499999999
CHEMBL6007946,6.24,6.724387916666671
CHEMBL5766625,6.24,6.91423395833333
CHEMBL2047540,6.23,6.166375000000004
CHEMBL128988,6.23,5.9073375
CHEMBL5080669,6.23,6.991699999999993
CHEMBL5884737,6.23,6.853072499999999
CHEMBL6163438,6.23,6.524900000000002
CHEMBL3982264,6.22,6.268043333333343
CHEMBL4089113,6.22,7.3933699999999725
CHEMBL5618876,6.22,6.58866833333334
CHEMBL4649561,6.21,5.77922333333334
CHEMBL5951983,6.21,6.256049999999993
CHEMBL4641048,6.2,6.604217499999988
CHEMBL5082644,6.19,7.291614999999997
CHEMBL5405871,6.19,6.812624999999996
CHEMBL5592165,6.19,7.688108333333333
CHEMBL5837291,6.19,6.1230666666666504
CHEMBL3110283,6.18,6.1441083333333255
CHEMBL5094765,6.18,6.580231250000006
CHEMBL239800,6.17,5.817087500000001
CHEMBL2448576,6.17,6.388120000000004
CHEMBL512517,6.16,6.537974999999997
CHEMBL5414999,6.16,6.815900000000006
CHEMBL6020182,6.16,6.862224583333351
CHEMBL6165344,6.16,6.641606250000003
CHEMBL5184172,6.15,6.170724999999999
CHEMBL1214760,6.14,7.724432499999978
CHEMBL4644387,6.14,6.303570833333356
CHEMBL5417235,6.14,5.450924999999995
CHEMBL2047700,6.13,6.183958333333334
CHEMBL1243289,6.12,6.4641666666666575
CHEMBL4646090,6.12,6.74052500000002
CHEMBL3692638,6.11,6.302149999999989
CHEMBL4443980,6.11,6.522974999999999
CHEMBL140220,6.11,6.243075000000007
CHEMBL1209431,6.11,6.320545833333337
CHEMBL6078567,6.11,6.7220749999999985
CHEMBL2047701,6.1,6.253150000000001
CHEMBL2413295,6.1,5.853275000000014
CHEMBL2337868,6.09,6.204325000000008
CHEMBL4649439,6.09,6.4854999999999725
CHEMBL5790155,6.09,6.352075000000005
CHEMBL2413299,6.08,6.240025
CHEMBL4446737,6.08,6.666450000000003
CHEMBL4848432,6.08,6.839549999999983
CHEMBL5280419,6.08,6.064775416666678
CHEMBL5555608,6.08,6.378699999999994
CHEMBL3956031,6.07,6.262813333333334
CHEMBL4863325,6.07,5.782475000000002
CHEMBL3971832,6.06,6.726106249999975
CHEMBL4785403,6.06,7.379792142857134
CHEMBL5172950,6.06,6.284974999999994
CHEMBL393360,6.05,5.917493749999992
CHEMBL494526,6.05,6.055712499999994
CHEMBL3961053,6.05,5.998797916666665
CHEMBL4555432,6.05,7.596356250000013
CHEMBL5646549,6.05,7.491050000000012
CHEMBL3758642,6.04,6.280937499999973
CHEMBL1170610,6.03,6.596487499999994
CHEMBL3110276,6.02,6.064016666666663
CHEMBL406927,6.01,6.314398333333332
CHEMBL4202838,6.01,6.265674999999998
CHEMBL4871991,6.01,6.727324999999987
CHEMBL5218767,6.01,6.490137500000007
CHEMBL2047680,6.0,6.193695833333338
CHEMBL3798892,6.0,6.498118750000016
CHEMBL1388,6.0,6.170862500000007
CHEMBL399121,6.0,5.698099999999998
CHEMBL5183440,6.0,6.3392312499999965
CHEMBL5618696,6.0,7.382029999999995
CHEMBL5749440,6.0,6.143050000000008
CHEMBL4216804,5.99,7.625456249999998
CHEMBL28,5.99,5.896174999999996
CHEMBL5812723,5.99,6.8200749999999895
CHEMBL2442696,5.97,6.604656250000006
CHEMBL491130,5.96,5.306773541666635
CHEMBL2178343,5.96,5.76656666666666
CHEMBL2413320,5.96,6.48137499999999
CHEMBL3287251,5.96,6.034200000000016
CHEMBL5069541,5.96,6.249770000000001
CHEMBL6056630,5.96,6.660802857142857
CHEMBL5869197,5.96,5.880825000000013
CHEMBL567295,5.95,5.5423562499999885
CHEMBL5565725,5.94,6.9713441666666585
CHEMBL4644657,5.93,6.574611666666661
CHEMBL492311,5.92,6.2979125
CHEMBL494124,5.92,6.356147916666665
CHEMBL3314863,5.92,7.179068749999996
CHEMBL4457073,5.92,6.774899999999987
CHEMBL2046623,5.91,6.097181249999998
CHEMBL3670672,5.9,5.782349999999974
CHEMBL3895838,5.9,6.469971666666684
CHEMBL4107832,5.9,6.776346666666678
CHEMBL4871621,5.9,6.770850000000015
CHEMBL2047690,5.89,5.948599999999999
CHEMBL2381523,5.89,5.889024999999997
CHEMBL3335369,5.89,6.4363000000000055
CHEMBL4745848,5.89,6.078089166666652
CHEMBL5832241,5.89,6.027649999999991
CHEMBL312750,5.88,6.023631250000001
CHEMBL4871032,5.88,5.584399999999997
CHEMBL3040236,5.85,6.301515000000003
CHEMBL198759,5.85,6.236800000000001
CHEMBL5936960,5.85,7.444157053571427
CHEMBL2371801,5.84,5.781403749999994
CHEMBL4280303,5.83,6.0264500000000245
CHEMBL5183247,5.83,6.166250000000034
CHEMBL3692651,5.82,5.415406666666644
CHEMBL4206936,5.82,5.615774999999997
CHEMBL4633758,5.82,6.226823333333331
CHEMBL4745088,5.82,5.975383333333333
CHEMBL5840152,5.82,6.7025441666666765
CHEMBL5795684,5.82,6.665658333333332
CHEMBL3960084,5.8,6.552279166666662
CHEMBL1173445,5.79,5.658971250000004
CHEMBL186526,5.78,5.752733333333335
CHEMBL115011,5.77,5.973456250000006
CHEMBL3287021,5.77,5.945500000000015
CHEMBL1164212,5.76,4.72860000000001
CHEMBL3220923,5.76,6.546050000000032
CHEMBL3415449,5.75,6.818083333333337
CHEMBL35482,5.74,6.07222499999999
CHEMBL1200868,5.73,5.841975000000002
CHEMBL3110015,5.72,5.7387850000000045
CHEMBL3937174,5.71,5.681374999999996
CHEMBL5938862,5.71,7.539033333333318
CHEMBL1096985,5.7,6.2348749999999935
CHEMBL2047539,5.7,5.333274999999981
CHEMBL3692644,5.7,6.344000000000003
CHEMBL4468860,5.7,7.452033333333336
CHEMBL4856631,5.7,5.773949999999996
CHEMBL5983489,5.7,5.883881249999993
CHEMBL5079482,5.68,6.190975000000005
CHEMBL363535,5.67,6.081674999999993
CHEMBL570490,5.64,5.350937499999984
CHEMBL3692689,5.64,5.375457499999995
CHEMBL31574,5.64,5.901574999999993
CHEMBL3932796,5.63,6.3615354166666656
CHEMBL2178342,5.62,5.525699999999988
CHEMBL2337865,5.62,6.066633333333337
CHEMBL3692656,5.62,5.335249999999982
CHEMBL3692679,5.62,5.740224999999973
CHEMBL455395,5.61,6.228100000000003
CHEMBL502752,5.6,6.0577937500000125
CHEMBL2381521,5.6,6.1133000000000175
CHEMBL4871846,5.6,6.499118749999997
CHEMBL3800057,5.58,5.955824999999988
CHEMBL3924138,5.58,6.557379166666663
CHEMBL5271952,5.58,5.929323571428572
CHEMBL3797516,5.54,5.945752083333325
CHEMBL5219006,5.54,5.743765000000003
CHEMBL4069031,5.53,5.772957499999992
CHEMBL4859998,5.53,5.76799999999999
CHEMBL461141,5.52,6.217983333333328
CHEMBL2012811,5.51,5.575317499999999
CHEMBL3692683,5.51,5.2718049999999925
CHEMBL2047541,5.5,6.279449999999982
CHEMBL3688145,5.5,5.431275000000003
CHEMBL519739,5.48,6.078925000000002
CHEMBL3692582,5.48,6.02371125
CHEMBL5188854,5.48,6.108974999999998
CHEMBL2046614,5.47,5.980675000000003
CHEMBL2385957,5.46,6.3005999999999975
CHEMBL4204982,5.46,4.496625000000003
CHEMBL140979,5.46,5.914000000000001
CHEMBL3934705,5.45,5.8911416666666865
CHEMBL5597268,5.44,6.206150000000008
CHEMBL6176700,5.44,6.0188458333333354
CHEMBL1201102,5.43,6.272466666666665
CHEMBL4460757,5.42,5.873393750000003
CHEMBL3692612,5.41,5.232100000000026
CHEMBL3692660,5.41,5.385099999999971
CHEMBL3915126,5.41,6.581822023809523
CHEMBL259708,5.4,5.778625000000004
CHEMBL4746756,5.4,5.594425000000032
CHEMBL409860,5.39,5.34822500000001
CHEMBL2417786,5.39,5.585925000000032
CHEMBL5205944,5.39,6.26756
CHEMBL3260857,5.38,6.184520833333329
CHEMBL5415287,5.38,6.782124999999996
CHEMBL5817620,5.38,7.407237500000005
CHEMBL5218537,5.37,6.282350000000012
CHEMBL4561802,5.36,6.247929166666666
CHEMBL3104851,5.34,5.687262499999999
CHEMBL3621298,5.34,4.912499999999987
CHEMBL3692576,5.34,5.29065
CHEMBL3692601,5.34,5.413480000000004
CHEMBL260080,5.33,5.669349999999995
CHEMBL3622731,5.33,5.761464999999996
CHEMBL4589752,5.33,5.099750000000011
CHEMBL5207713,5.32,6.074741666666653
CHEMBL5411915,5.31,5.900706666666671
CHEMBL3758243,5.3,5.824585833333341
CHEMBL3758443,5.3,6.188923333333326
CHEMBL4061831,5.3,6.086824999999997
CHEMBL3287260,5.29,5.91587999999999
CHEMBL4215676,5.29,4.764020833333331
CHEMBL3335283,5.28,6.595308333333349
CHEMBL4299409,5.27,6.3432662500000045
CHEMBL3908767,5.27,6.265560000000006
CHEMBL4217999,5.26,5.6082312500000056
CHEMBL3109993,5.25,5.924391666666674
CHEMBL4299485,5.25,6.491403749999996
CHEMBL569211,5.24,5.322262499999979
CHEMBL5424549,5.22,6.009125
CHEMBL3893905,5.2,6.6595124999999875
CHEMBL4085884,5.2,5.5344625000000045
CHEMBL6006700,5.18,6.421976785714276
CHEMBL4238745,5.16,5.775783333333339
CHEMBL3692586,5.14,5.132899999999977
CHEMBL3692687,5.14,5.245200000000029
CHEMBL27759,5.13,5.626449999999995
CHEMBL5276344,5.13,7.240016666666675
CHEMBL5218918,5.11,5.694205000000007
CHEMBL1835671,5.1,6.495695833333333
CHEMBL6133433,5.09,5.926787499999998
CHEMBL2385958,5.08,6.346899999999998
CHEMBL4083033,5.07,5.491950000000006
CHEMBL2046613,5.06,5.341606249999997
CHEMBL4249238,5.06,5.827837500000008
CHEMBL4440904,5.05,5.563374999999993
CHEMBL5208164,5.05,5.9571875
CHEMBL5203142,5.05,6.24588750000002
CHEMBL6175429,5.05,5.451012499999987
CHEMBL4761973,5.04,5.173774999999996
CHEMBL4247905,5.03,5.707125000000028
CHEMBL2046617,5.02,5.33543125000002
CHEMBL4746782,5.02,5.087574999999988
CHEMBL4872625,5.02,5.037787499999994
CHEMBL3943650,5.0,5.47709999999998
CHEMBL3692587,5.0,5.222175000000008
CHEMBL3692633,5.0,5.385974999999994
CHEMBL5219074,5.0,5.9767499999999965
CHEMBL517869,4.96,6.000550000000003
CHEMBL396097,4.96,5.565324999999999
CHEMBL4857194,4.96,5.037237499999992
CHEMBL4548759,4.95,5.100056249999989
CHEMBL4589724,4.93,5.237024999999996
CHEMBL5086240,4.92,5.7109733333333335
CHEMBL466171,4.91,5.669320833333319
CHEMBL2046619,4.87,6.322041666666665
CHEMBL5436391,4.87,7.701325000000008
CHEMBL1800250,4.86,4.831400000000003
CHEMBL491926,4.85,6.224271874999994
CHEMBL4542119,4.82,5.848102083333336
CHEMBL186311,4.8,6.39922083333334
CHEMBL4742036,4.79,4.804324999999986
CHEMBL4443876,4.74,5.508150000000008
CHEMBL4793558,4.72,4.895374999999986
CHEMBL5206573,4.69,4.628974999999993
CHEMBL5427585,4.66,6.340570833333332
CHEMBL2046615,4.61,5.92327458333334
CHEMBL3968125,4.6,4.8225999999999996
CHEMBL5435277,4.59,5.774449999999989
CHEMBL5994822,4.59,5.093874999999981
CHEMBL5172143,4.57,4.532100000000006
CHEMBL1767046,4.54,5.720931666666672
CHEMBL3960542,4.54,4.959749999999987
CHEMBL1812335,4.52,6.122583333333336
CHEMBL3950790,4.5,4.735649999999999
CHEMBL1800376,4.4,4.8195000000000086
CHEMBL4756752,4.36,4.5645999999999995
CHEMBL3892860,4.35,5.471049999999979
CHEMBL3955013,4.33,5.429362499999993
CHEMBL1708622,4.29,5.08444999999999
CHEMBL2046611,4.23,5.937399583333334
CHEMBL3948452,4.22,5.603062499999996
CHEMBL4068652,4.18,4.472824999999997
CHEMBL5994465,4.15,5.10952499999999
CHEMBL4777961,4.11,6.039572499999999
CHEMBL4467915,4.1,5.989474999999991
CHEMBL4204813,4.0,5.070474999999998
