rank,id,smiles,fitness,pred_pIC50,affinity_norm,permeability_norm,safety_norm,druglikeness_qed,n_chelators,chelator_penalty,logKp_cm_h,struct_alerts,applicability_tanimoto,is_hit,canon,pIC50_hdac6,pIC50_hdac1,pIC50_hdac2,pIC50_hdac3,selectivity,pareto
2081,CAND-00971,O=C(CCCCCCn1cc(-c2ccc3ncnc(Nc4cccc(Cl)c4F)c3c2O)nn1)NO,0.5422956151129334,7.666505807365395,0.7999096449003936,0.6639386972717582,0.5,0.1411359755424555,1,1.0,-2.4936083999999994,3,0.7272727272727273,True,O=C(CCCCCCn1cc(-c2ccc3ncnc(Nc4cccc(Cl)c4F)c3c2O)nn1)NO,9.71,7.45,7.08,6.99,2.26,True
2383,CAND-01077,O=C(CCCCCCn1cc(-c2ccc3ncnc(Nc4ccc(F)c(Cl)c4)c3c2O)nn1)NO,0.5291116345109814,7.587934978212084,0.7735416836964896,0.6639386972717582,0.5,0.1411359755424555,1,1.0,-2.4936083999999994,3,0.7368421052631579,True,O=C(CCCCCCn1cc(-c2ccc3ncnc(Nc4ccc(F)c(Cl)c4)c3c2O)nn1)NO,9.66,7.25,6.97,6.98,2.41,True
2758,CAND-04136,O=C(CCCCCCn1c(C(=O)NC2C3CC4CC(C3)CC2C4)cc2ccc(Br)c(O)c21)NO,0.5129973311359156,7.378532139949902,0.7032671813807408,0.6935492883425819,0.5,0.2045458014851503,1,1.0,-2.313063899999999,3,0.7142857142857143,True,O=C(CCCCCCn1c(C(=O)NC2C3CC4CC(C3)CC2C4)cc2ccc(Br)c(O)c21)NO,9.64,7.7,6.64,6.86,1.94,True
5590,CAND-01452,O=C(CCCCCCCNc1nc2c(O)c(C(=O)O)ccc2c2cnccc12)NO,0.2382108539063144,7.461488064452057,0.7311067577537828,0.6185783836231492,0.3333333333333333,0.147338874230236,2,0.5,-2.770183600000001,4,0.5970149253731343,True,O=C(CCCCCCCNc1nc2c(O)c(C(=O)O)ccc2c2cnccc12)NO,9.61,7.5,7.02,7.26,2.11,True
3028,CAND-04547,O=C(CCCCCCC(=O)Nc1sc2c(Nc3cccc(Cl)c3)ncnc2c1O)NO,0.5039992989270429,7.588072811662329,0.7735879398847951,0.6990683261545481,0.3333333333333333,0.1684622077265954,1,1.0,-2.279412699999998,4,0.6875,True,O=C(CCCCCCC(=O)Nc1sc2c(Nc3cccc(Cl)c3)ncnc2c1O)NO,9.55,7.36,7.2,7.37,2.18,True
4093,CAND-02562,O=C(CCCCCCn1cc(-c2ccc3ncnc(Nc4ccc(OCc5nccs5)c(Cl)c4)c3c2O)nn1)NO,0.4583501855678882,7.279135202768481,0.6699100867486784,0.673126854111217,0.5,0.07798380731183,1,1.0,-2.437585499999999,3,0.7701149425287356,True,O=C(CCCCCCn1cc(-c2ccc3ncnc(Nc4ccc(OCc5nccs5)c(Cl)c4)c3c2O)nn1)NO,9.48,7.03,6.84,6.68,2.45,True
4176,CAND-03850,O=C(CCCCCCn1cc(-c2ccc3ncnc(Nc4ccc(OCc5cccc(F)c5)c(Cl)c4)c3c2O)nn1)NO,0.4531426204255713,7.261886553123548,0.6641215297287457,0.7416344005809654,0.5,0.0702728518706614,1,1.0,-2.019874799999998,3,0.7727272727272727,True,O=C(CCCCCCn1cc(-c2ccc3ncnc(Nc4ccc(OCc5cccc(F)c5)c(Cl)c4)c3c2O)nn1)NO,9.46,6.97,6.71,6.62,2.49,True
95,CAND-02681,O=C(NO)c1ccc(CN2CCc3c(n(CF)c4ccccc34)C2)c(F)c1,0.7068197224849617,7.92305356052941,0.8860057352086436,0.6526688959285495,0.5,0.5460561829354662,1,1.0,-2.562323699999999,3,0.7966101694915254,True,O=C(NO)c1ccc(CN2CCc3c(n(CF)c4ccccc34)C2)c(F)c1,8.51,5.45,5.24,5.55,2.96,True
5,CAND-02928,N#Cc1cc(F)c(Cl)cc1C1(Nc2ncc(C(=O)NO)cn2)CC1,0.8013232870659458,8.230386055189404,0.989144920364517,0.5571222266819404,0.6666666666666667,0.5780583118345133,1,1.0,-3.1448999000000013,2,0.625,True,N#Cc1cc(F)c(Cl)cc1C1(Nc2ncc(C(=O)NO)cn2)CC1,8.51,7.26,7.64,7.07,0.87,True
8,CAND-02916,COc1cc(F)c(Cl)cc1C1(Nc2ncc(C(=O)NO)cn2)CC1,0.7666988040253389,8.047582461009814,0.9277969858803792,0.5680476621869687,0.6666666666666667,0.5648899258393862,1,1.0,-3.078284300000001,2,0.7090909090909091,True,COc1cc(F)c(Cl)cc1C1(Nc2ncc(C(=O)NO)cn2)CC1,8.49,7.03,7.35,6.83,1.14,True
2,CAND-02914,Cc1c(C2(Nc3ncc(C(=O)NO)cn3)CC2)ccc(F)c1Cl,0.8017268735397193,8.21132186343688,0.9827470768654556,0.6189663261642898,0.6666666666666667,0.5900666725788605,1,1.0,-2.7678182,2,0.660377358490566,True,Cc1c(C2(Nc3ncc(C(=O)NO)cn3)CC2)ccc(F)c1Cl,8.49,7.49,7.5,7.13,0.99,True
157,CAND-02634,Cn1c2c(c3ccc(F)cc31)CCN(Cc1ccc(C(=O)NO)cc1F)C2,0.6951202079127626,7.8473395635674015,0.8605965120147373,0.6234528240860647,0.5,0.5494065063513133,1,1.0,-2.7404627000000006,3,0.8135593220338984,True,Cn1c2c(c3ccc(F)cc31)CCN(Cc1ccc(C(=O)NO)cc1F)C2,8.48,5.7,5.19,5.29,2.78,True
6,CAND-02929,N#Cc1cc(C2(Nc3ncc(C(=O)NO)cn3)CC2)cc(Cl)c1F,0.8013232870659458,8.230386055189404,0.989144920364517,0.5571222266819406,0.6666666666666667,0.5780583118345133,1,1.0,-3.1448999000000004,2,0.6666666666666666,True,N#Cc1cc(C2(Nc3ncc(C(=O)NO)cn3)CC2)cc(Cl)c1F,8.47,7.21,7.21,6.87,1.26,True
150,CAND-02648,Cc1ccc2c3c(n(C)c2c1)CN(Cc1ccc(C(=O)NO)cc1F)CC3,0.6957887830377807,7.8473395635674015,0.8605965120147373,0.6471340642268768,0.5,0.5516350901013736,1,1.0,-2.5960712,3,0.8,True,Cc1ccc2c3c(n(C)c2c1)CN(Cc1ccc(C(=O)NO)cc1F)CC3,8.45,5.71,5.2,5.27,2.74,True
9,CAND-02917,COc1cc(C2(Nc3ncc(C(=O)NO)cn3)CC2)cc(Cl)c1F,0.7666988040253389,8.047582461009814,0.9277969858803792,0.5680476621869687,0.6666666666666667,0.5648899258393862,1,1.0,-3.0782843000000004,2,0.6851851851851852,True,COc1cc(C2(Nc3ncc(C(=O)NO)cn3)CC2)cc(Cl)c1F,8.43,7.02,7.09,6.69,1.34,True
239,CAND-03719,O=C(NO)c1ccc(Cn2c3c(c4ccc(F)cc42)CS(=O)(=O)CC3)cc1,0.6817515712506061,7.797368090262636,0.843826345738002,0.5231307419009933,0.5,0.5327946612720171,1,1.0,-3.352156000000001,3,0.8545454545454545,True,O=C(NO)c1ccc(Cn2c3c(c4ccc(F)cc42)CS(=O)(=O)CC3)cc1,8.41,5.19,4.92,4.76,3.22,True
100,CAND-02650,Cc1cc(C(=O)NO)cc(F)c1CN1CCc2c(n(C)c3ccccc23)C1,0.7052944728852035,7.9039893687768865,0.8796078917095828,0.6471340642268769,0.5,0.5516350901013737,1,1.0,-2.596071199999999,3,0.7419354838709677,True,Cc1cc(C(=O)NO)cc(F)c1CN1CCc2c(n(C)c3ccccc23)C1,8.31,5.54,5.24,5.3,2.77,True
53,CAND-01701,Cc1ccoc1-c1nnn(Cc2c(F)cc(C(=O)NO)cc2F)n1,0.7247125154530599,7.815039564142191,0.8497568003697421,0.4911154286178745,0.6666666666666667,0.5550026064495183,1,1.0,-3.5473628,2,0.6785714285714286,True,Cc1ccoc1-c1nnn(Cc2c(F)cc(C(=O)NO)cc2F)n1,8.29,5.71,5.41,5.52,2.58,True
91,CAND-03730,Cc1ccc2c(c1)c1c(n2Cc2ccc(C(=O)NO)cc2)CCS(=O)(=O)C1,0.7071644893508702,7.941971973450419,0.8923546560908101,0.5468119820418051,0.5,0.5366238710182168,1,1.0,-3.207764500000001,3,0.8035714285714286,True,Cc1ccc2c(c1)c1c(n2Cc2ccc(C(=O)NO)cc2)CCS(=O)(=O)C1,8.28,5.28,4.96,4.78,3.0,True
128,CAND-03210,COc1cc(Cl)c(Nc2ncc(C(=O)NO)cn2)cc1Cl,0.7002612748394855,7.607804739517108,0.780209872143367,0.60991508250372,0.6666666666666667,0.5894100181148958,1,1.0,-2.823006300000001,2,0.6086956521739131,True,COc1cc(Cl)c(Nc2ncc(C(=O)NO)cn2)cc1Cl,8.23,6.31,6.23,6.3,1.92,True
85,CAND-06193,CC(C)c1ccc(-c2nc3cc(C(=O)NO)cc(F)c3o2)cc1,0.7106168045699593,7.707603989174764,0.8137019807479119,0.7670096214965625,0.6666666666666667,0.5681082695422335,1,1.0,-1.8651545999999992,2,0.6666666666666666,True,CC(C)c1ccc(-c2nc3cc(C(=O)NO)cc(F)c3o2)cc1,8.03,5.67,5.32,6.03,2.0,True
73,CAND-02053,N#Cc1cn(Cc2ccc(C(=O)NO)cc2)c2ccccc12,0.7154255696168634,7.723953499602907,0.81918879132784,0.650755178358034,0.6666666666666667,0.574992802065367,1,1.0,-2.5739922,2,0.6808510638297872,True,N#Cc1cn(Cc2ccc(C(=O)NO)cc2)c2ccccc12,7.95,5.71,5.47,5.66,2.24,True
130,CAND-02006,O=C(NO)c1ccc(Cn2c(F)cc3ccccc32)cc1,0.7001506136893136,7.635293381551977,0.7894349172973278,0.6889180376995713,0.6666666666666667,0.5736660723577215,1,1.0,-2.341302,2,0.7272727272727273,True,O=C(NO)c1ccc(Cn2c(F)cc3ccccc32)cc1,7.93,5.23,5.16,5.57,2.36,True
37,CAND-03222,N#Cc1cc(Cl)c(Nc2ncc(C(=O)NO)cn2)cc1Cl,0.7371377915619834,7.825056480530689,0.8531184253590786,0.5989896469986917,0.6666666666666667,0.5908174851637026,1,1.0,-2.889621900000001,2,0.6086956521739131,True,N#Cc1cc(Cl)c(Nc2ncc(C(=O)NO)cn2)cc1Cl,7.87,6.44,6.25,6.37,1.43,True
40,CAND-03206,Cc1cc(Cl)c(Nc2ncc(C(=O)NO)cn2)cc1Cl,0.7305709140336334,7.771544141944177,0.8351599631284445,0.6608337464810409,0.6666666666666667,0.598858663786926,1,1.0,-2.512540200000001,2,0.6511627906976745,True,Cc1cc(Cl)c(Nc2ncc(C(=O)NO)cn2)cc1Cl,7.86,6.33,6.17,6.18,1.53,True
12,CAND-05002,O=C(NO)c1ccc(CN2CCCc3ccccc3C2)c(F)c1,0.7577382816390413,7.794758948596654,0.8429507313787611,0.6524767943396267,0.6666666666666667,0.6764319420544248,1,1.0,-2.563495,2,0.68,True,O=C(NO)c1ccc(CN2CCCc3ccccc3C2)c(F)c1,7.65,5.79,4.81,5.17,1.86,True
124,CAND-05015,Cc1cccc2c1CCCN(Cc1ccc(C(=O)NO)cc1)C2,0.7011454603919375,7.457307262797204,0.7297037024847427,0.6761580344804387,0.6666666666666667,0.6765342527207758,1,1.0,-2.4191034999999994,2,0.7291666666666666,True,Cc1cccc2c1CCCN(Cc1ccc(C(=O)NO)cc1)C2,7.44,5.62,4.85,5.11,1.82,True
191,CAND-00058,COc1cc2ncc(-c3ccc(C(F)(F)F)cc3)nc2cc1OC,0.6889723875803018,6.918850526539692,0.5490004251409952,0.800176937486718,1.0,0.7149072500326804,1,1.0,-1.6629236999999986,0,0.6666666666666666,False,COc1cc2ncc(-c3ccc(C(F)(F)F)cc3)nc2cc1OC,6.71,5.66,5.48,5.78,0.93,True
287,CAND-00064,COc1cc2ncc(-c3ccc(C#N)cc3)nc2cc1OC,0.6730984072247929,6.777636512449666,0.5016097372088637,0.7096065243492325,1.0,0.74097846206787,1,1.0,-2.2151581999999994,0,0.6666666666666666,False,COc1cc2ncc(-c3ccc(C#N)cc3)nc2cc1OC,6.67,5.73,5.52,5.9,0.77,True
277,CAND-00028,COc1cc2ncc(-c3ccc(F)cc3)nc2cc1OC,0.6757299896708071,6.79761216208351,0.5083134612276116,0.7477693836907697,1.0,0.7385775301900044,1,1.0,-1.9824679999999992,0,0.7222222222222222,False,COc1cc2ncc(-c3ccc(F)cc3)nc2cc1OC,6.65,5.54,5.4,5.81,0.84,True
294,CAND-00046,COc1ccc(-c2cnc3cc(OC)c(OC)cc3n2)cc1,0.6724837656420147,6.777636512449666,0.5016097372088637,0.7205319598542606,1.0,0.738929656791943,1,1.0,-2.1485426,0,0.7428571428571429,False,COc1ccc(-c2cnc3cc(OC)c(OC)cc3n2)cc1,6.59,5.64,5.41,5.73,0.86,True
1111,CAND-00048,COc1cc2nc(-c3ccccc3)cnc2c(O)c1OC,0.6057109144145438,6.27122650194403,0.3316611741839482,0.6992823226996057,1.0,0.7996010910752321,1,1.0,-2.2781079,0,0.6190476190476191,False,COc1cc2nc(-c3ccccc3)cnc2c(O)c1OC,6.11,5.34,5.51,5.86,0.25,True
737,CAND-00050,COc1cc2ncc(-c3ccccc3O)nc2cc1OC,0.6315595390463677,6.42527313862479,0.383358423447596,0.6992823226996057,1.0,0.7996010910752321,1,1.0,-2.2781079,0,0.6410256410256411,False,COc1cc2ncc(-c3ccccc3O)nc2cc1OC,6.09,5.4,5.25,5.8,0.29,True
